asset_number,sub_number,company_code,asset_class,asset_description,capitalization_date,deactivation_date
A0000001,0,IN01,VEH,VEH Asset 1,16-07-2022,
A0000002,0,IN01,VEH,VEH Asset 2,11-02-2023,
A0000003,0,DE01,MACH,MACH Asset 3,01-01-2022,
A0000004,0,IN01,COMP,COMP Asset 4,22-09-2022,
A0000005,0,DE01,VEH,VEH Asset 5,01-01-2022,
A0000006,0,US01,MACH,MACH Asset 6,15-12-2022,
A0000007,0,IN01,MACH,MACH Asset 7,01-01-2022,
A0000008,0,US01,COMP,COMP Asset 8,01-01-2022,
A0000009,0,DE01,MACH,MACH Asset 9,01-01-2022,
A0000010,0,IN01,VEH,VEH Asset 10,03-09-2022,
A0000011,0,IN01,VEH,VEH Asset 11,21-02-2022,
A0000012,0,DE01,COMP,COMP Asset 12,01-01-2022,
A0000013,0,IN01,COMP,COMP Asset 13,01-01-2022,
A0000014,0,IN01,BLDG,BLDG Asset 14,07-06-2022,
A0000015,0,IN01,COMP,COMP Asset 15,01-01-2022,
A0000016,0,IN01,BLDG,BLDG Asset 16,02-10-2022,
A0000017,0,US01,MACH,MACH Asset 17,04-05-2022,
A0000018,0,DE01,COMP,COMP Asset 18,04-04-2022,
A0000019,0,IN01,MACH,MACH Asset 19,22-01-2023,
A0000020,0,DE01,VEH,VEH Asset 20,22-01-2022,
A0000021,0,US01,BLDG,BLDG Asset 21,15-05-2022,
A0000022,0,US01,MACH,MACH Asset 22,09-02-2022,
A0000023,0,DE01,MACH,MACH Asset 23,01-01-2022,
A0000024,0,DE01,COMP,COMP Asset 24,01-01-2022,
A0000025,0,IN01,BLDG,BLDG Asset 25,01-01-2022,
A0000026,0,US01,VEH,VEH Asset 26,29-04-2022,
A0000027,0,DE01,VEH,VEH Asset 27,07-07-2022,
A0000028,0,IN01,MACH,MACH Asset 28,24-02-2023,
A0000029,0,US01,MACH,MACH Asset 29,25-01-2023,
A0000030,0,IN01,VEH,VEH Asset 30,02-01-2023,
A0000031,0,IN01,MACH,MACH Asset 31,01-01-2022,
A0000032,0,IN01,COMP,COMP Asset 32,08-01-2023,
A0000033,0,IN01,BLDG,BLDG Asset 33,01-01-2022,
A0000034,0,US01,COMP,COMP Asset 34,19-06-2022,
A0000035,0,DE01,COMP,COMP Asset 35,01-01-2022,
A0000036,0,IN01,BLDG,BLDG Asset 36,28-03-2023,
A0000037,0,DE01,COMP,COMP Asset 37,10-02-2022,
A0000038,0,DE01,COMP,COMP Asset 38,01-01-2022,
A0000039,0,US01,BLDG,BLDG Asset 39,01-01-2022,
A0000040,0,IN01,VEH,VEH Asset 40,06-05-2022,
A0000041,0,IN01,VEH,VEH Asset 41,18-04-2022,
A0000042,0,IN01,COMP,COMP Asset 42,05-06-2022,
A0000043,0,DE01,BLDG,BLDG Asset 43,01-01-2022,
A0000044,0,US01,VEH,VEH Asset 44,27-05-2022,13-12-2023
A0000045,0,US01,MACH,MACH Asset 45,27-03-2023,
A0000046,0,IN01,VEH,VEH Asset 46,16-04-2022,
A0000047,0,DE01,MACH,MACH Asset 47,01-01-2022,
A0000048,0,DE01,COMP,COMP Asset 48,01-01-2022,
A0000049,0,DE01,VEH,VEH Asset 49,01-01-2022,
A0000050,0,US01,VEH,VEH Asset 50,30-08-2022,
A0000051,0,US01,COMP,COMP Asset 51,01-01-2022,
A0000052,0,DE01,MACH,MACH Asset 52,05-06-2022,
A0000053,0,DE01,VEH,VEH Asset 53,29-12-2022,
A0000054,0,DE01,COMP,COMP Asset 54,01-01-2022,
A0000055,0,IN01,VEH,VEH Asset 55,01-01-2022,
A0000056,0,DE01,BLDG,BLDG Asset 56,01-01-2022,
A0000057,0,DE01,VEH,VEH Asset 57,01-01-2022,19-12-2023
A0000058,0,US01,MACH,MACH Asset 58,07-09-2022,
A0000059,0,IN01,VEH,VEH Asset 59,01-01-2022,
A0000060,0,IN01,MACH,MACH Asset 60,25-02-2023,
A0000061,0,DE01,BLDG,BLDG Asset 61,01-01-2022,
A0000062,0,US01,MACH,MACH Asset 62,29-10-2022,
A0000063,0,US01,MACH,MACH Asset 63,21-01-2023,
A0000064,0,IN01,COMP,COMP Asset 64,01-01-2022,
A0000065,0,IN01,MACH,MACH Asset 65,01-01-2022,
A0000066,0,DE01,COMP,COMP Asset 66,01-01-2022,
A0000067,0,DE01,BLDG,BLDG Asset 67,05-02-2023,
A0000068,0,DE01,COMP,COMP Asset 68,01-01-2022,
A0000069,0,DE01,MACH,MACH Asset 69,30-05-2022,
A0000070,0,US01,VEH,VEH Asset 70,02-02-2022,
A0000071,0,DE01,COMP,COMP Asset 71,01-01-2022,
A0000072,0,DE01,VEH,VEH Asset 72,01-01-2022,
A0000073,0,DE01,VEH,VEH Asset 73,20-01-2022,
A0000074,0,DE01,BLDG,BLDG Asset 74,22-08-2022,
A0000075,0,US01,COMP,COMP Asset 75,01-01-2022,
A0000076,0,IN01,COMP,COMP Asset 76,01-01-2022,
A0000077,0,IN01,MACH,MACH Asset 77,01-01-2022,
A0000078,0,IN01,VEH,VEH Asset 78,01-01-2022,
A0000079,0,DE01,MACH,MACH Asset 79,01-01-2022,
A0000080,0,US01,VEH,VEH Asset 80,01-01-2022,
A0000081,0,US01,MACH,MACH Asset 81,01-01-2022,
A0000082,0,IN01,BLDG,BLDG Asset 82,07-03-2022,
A0000083,0,DE01,MACH,MACH Asset 83,01-01-2022,
A0000084,0,US01,BLDG,BLDG Asset 84,07-02-2023,
A0000085,0,IN01,BLDG,BLDG Asset 85,01-01-2022,
A0000086,0,IN01,BLDG,BLDG Asset 86,11-04-2022,
A0000087,0,DE01,MACH,MACH Asset 87,01-01-2022,
A0000088,0,US01,BLDG,BLDG Asset 88,25-05-2022,
A0000089,0,DE01,COMP,COMP Asset 89,01-01-2022,
A0000090,0,IN01,COMP,COMP Asset 90,29-11-2022,
A0000091,0,US01,BLDG,BLDG Asset 91,02-04-2022,
A0000092,0,DE01,BLDG,BLDG Asset 92,24-05-2022,
A0000093,0,US01,VEH,VEH Asset 93,01-01-2022,
A0000094,0,DE01,MACH,MACH Asset 94,01-01-2022,
A0000095,0,US01,COMP,COMP Asset 95,01-01-2022,
A0000096,0,DE01,VEH,VEH Asset 96,01-01-2022,
A0000097,0,IN01,COMP,COMP Asset 97,01-01-2022,
A0000098,0,IN01,BLDG,BLDG Asset 98,15-06-2022,
A0000099,0,DE01,MACH,MACH Asset 99,02-08-2022,
A0000100,0,US01,BLDG,BLDG Asset 100,18-02-2023,
A0000101,0,US01,MACH,MACH Asset 101,01-01-2022,
A0000102,0,IN01,VEH,VEH Asset 102,01-01-2022,
A0000103,0,DE01,COMP,COMP Asset 103,29-07-2022,
A0000104,0,IN01,VEH,VEH Asset 104,01-01-2022,
A0000105,0,IN01,COMP,COMP Asset 105,01-01-2022,
A0000106,0,US01,VEH,VEH Asset 106,01-01-2022,
A0000107,0,IN01,MACH,MACH Asset 107,24-08-2022,
A0000108,0,IN01,VEH,VEH Asset 108,01-01-2022,
A0000109,0,DE01,BLDG,BLDG Asset 109,19-02-2022,
A0000110,0,DE01,VEH,VEH Asset 110,23-04-2022,
A0000111,0,US01,VEH,VEH Asset 111,22-02-2023,
A0000112,0,IN01,COMP,COMP Asset 112,01-01-2022,
A0000113,0,DE01,MACH,MACH Asset 113,01-01-2022,
A0000114,0,IN01,BLDG,BLDG Asset 114,24-04-2022,
A0000115,0,DE01,COMP,COMP Asset 115,01-01-2022,
A0000116,0,IN01,VEH,VEH Asset 116,10-08-2022,
A0000117,0,US01,COMP,COMP Asset 117,01-01-2022,
A0000118,0,DE01,COMP,COMP Asset 118,01-01-2022,
A0000119,0,IN01,VEH,VEH Asset 119,28-03-2022,
A0000120,0,US01,MACH,MACH Asset 120,05-03-2023,21-11-2023
A0000121,0,IN01,MACH,MACH Asset 121,01-01-2022,31-05-2023
A0000122,0,DE01,COMP,COMP Asset 122,01-01-2022,
A0000123,0,DE01,BLDG,BLDG Asset 123,01-11-2022,
A0000124,0,US01,MACH,MACH Asset 124,01-01-2022,
A0000125,0,IN01,VEH,VEH Asset 125,25-02-2022,
A0000126,0,DE01,COMP,COMP Asset 126,24-08-2022,
A0000127,0,DE01,MACH,MACH Asset 127,01-01-2022,
A0000128,0,DE01,MACH,MACH Asset 128,01-01-2022,
A0000129,0,IN01,COMP,COMP Asset 129,23-02-2022,
A0000130,0,US01,VEH,VEH Asset 130,01-01-2022,
A0000131,0,DE01,COMP,COMP Asset 131,01-01-2022,
A0000132,0,IN01,MACH,MACH Asset 132,03-01-2023,
A0000133,0,IN01,MACH,MACH Asset 133,01-01-2022,
A0000134,0,IN01,BLDG,BLDG Asset 134,27-05-2022,
A0000135,0,US01,BLDG,BLDG Asset 135,21-04-2022,
A0000136,0,US01,BLDG,BLDG Asset 136,01-01-2022,
A0000137,0,IN01,COMP,COMP Asset 137,03-09-2022,
A0000138,0,US01,COMP,COMP Asset 138,31-01-2022,
A0000139,0,DE01,VEH,VEH Asset 139,01-01-2022,
A0000140,0,US01,VEH,VEH Asset 140,08-01-2022,
A0000141,0,US01,VEH,VEH Asset 141,27-09-2022,
A0000142,0,DE01,VEH,VEH Asset 142,28-07-2022,
A0000143,0,IN01,COMP,COMP Asset 143,06-07-2022,
A0000144,0,DE01,COMP,COMP Asset 144,08-02-2022,
A0000145,0,DE01,MACH,MACH Asset 145,03-06-2022,
A0000146,0,DE01,MACH,MACH Asset 146,24-03-2022,
A0000147,0,DE01,MACH,MACH Asset 147,05-03-2022,
A0000148,0,IN01,MACH,MACH Asset 148,25-12-2022,
A0000149,0,US01,MACH,MACH Asset 149,01-01-2022,
A0000150,0,IN01,VEH,VEH Asset 150,02-01-2023,
A0000151,0,IN01,BLDG,BLDG Asset 151,21-05-2022,
A0000152,0,US01,COMP,COMP Asset 152,02-06-2022,
A0000153,0,US01,BLDG,BLDG Asset 153,04-11-2022,
A0000154,0,US01,COMP,COMP Asset 154,08-09-2022,
A0000155,0,US01,COMP,COMP Asset 155,01-01-2022,
A0000156,0,IN01,BLDG,BLDG Asset 156,09-01-2023,
A0000157,0,IN01,VEH,VEH Asset 157,01-01-2022,
A0000158,0,IN01,VEH,VEH Asset 158,01-01-2022,
A0000159,0,US01,MACH,MACH Asset 159,11-03-2023,
A0000160,0,IN01,MACH,MACH Asset 160,01-01-2022,
A0000161,0,IN01,BLDG,BLDG Asset 161,07-03-2022,
A0000162,0,IN01,MACH,MACH Asset 162,13-02-2022,
A0000163,0,US01,MACH,MACH Asset 163,07-12-2022,
A0000164,0,DE01,VEH,VEH Asset 164,01-01-2022,
A0000165,0,DE01,MACH,MACH Asset 165,01-01-2022,
A0000166,0,IN01,BLDG,BLDG Asset 166,14-03-2022,
A0000167,0,US01,COMP,COMP Asset 167,01-01-2022,
A0000168,0,US01,COMP,COMP Asset 168,01-01-2022,
A0000169,0,DE01,MACH,MACH Asset 169,01-01-2022,
A0000170,0,IN01,COMP,COMP Asset 170,23-02-2022,
A0000171,0,DE01,COMP,COMP Asset 171,03-08-2022,
A0000172,0,US01,MACH,MACH Asset 172,15-04-2022,
A0000173,0,DE01,VEH,VEH Asset 173,24-09-2022,
A0000174,0,DE01,VEH,VEH Asset 174,01-01-2022,
A0000175,0,DE01,VEH,VEH Asset 175,06-09-2022,
A0000176,0,IN01,COMP,COMP Asset 176,24-09-2022,
A0000177,0,DE01,COMP,COMP Asset 177,25-06-2022,
A0000178,0,DE01,VEH,VEH Asset 178,10-06-2022,
A0000179,0,IN01,VEH,VEH Asset 179,09-01-2023,
A0000180,0,DE01,MACH,MACH Asset 180,31-08-2022,
A0000181,0,US01,COMP,COMP Asset 181,01-01-2022,09-04-2023
A0000182,0,US01,MACH,MACH Asset 182,04-11-2022,
A0000183,0,US01,BLDG,BLDG Asset 183,23-10-2022,
A0000184,0,US01,MACH,MACH Asset 184,10-07-2022,
A0000185,0,IN01,MACH,MACH Asset 185,31-01-2023,
A0000186,0,IN01,COMP,COMP Asset 186,28-12-2022,
A0000187,0,IN01,VEH,VEH Asset 187,01-01-2022,
A0000188,0,IN01,BLDG,BLDG Asset 188,01-01-2022,
A0000189,0,IN01,MACH,MACH Asset 189,19-02-2022,
A0000190,0,US01,COMP,COMP Asset 190,22-09-2022,09-02-2024
A0000191,0,US01,BLDG,BLDG Asset 191,01-01-2022,
A0000192,0,US01,MACH,MACH Asset 192,14-04-2022,
A0000193,0,IN01,COMP,COMP Asset 193,01-01-2022,
A0000194,0,US01,VEH,VEH Asset 194,01-01-2022,
A0000195,0,DE01,MACH,MACH Asset 195,11-03-2023,
A0000196,0,US01,MACH,MACH Asset 196,01-01-2022,
A0000197,0,DE01,BLDG,BLDG Asset 197,01-01-2022,
A0000198,0,DE01,BLDG,BLDG Asset 198,01-01-2022,
A0000199,0,DE01,BLDG,BLDG Asset 199,01-01-2022,
A0000200,0,DE01,COMP,COMP Asset 200,01-01-2022,21-07-2023
A0000201,0,IN01,VEH,VEH Asset 201,26-07-2022,
A0000202,0,DE01,BLDG,BLDG Asset 202,18-11-2022,
A0000203,0,US01,BLDG,BLDG Asset 203,16-04-2022,
A0000204,0,DE01,MACH,MACH Asset 204,30-04-2022,
A0000205,0,DE01,COMP,COMP Asset 205,01-01-2022,28-10-2023
A0000206,0,US01,MACH,MACH Asset 206,01-01-2022,
A0000207,0,US01,BLDG,BLDG Asset 207,01-01-2022,
A0000208,0,IN01,BLDG,BLDG Asset 208,10-01-2023,
A0000209,0,IN01,BLDG,BLDG Asset 209,01-01-2022,
A0000210,0,IN01,MACH,MACH Asset 210,12-01-2022,
A0000211,0,IN01,VEH,VEH Asset 211,15-03-2023,
A0000212,0,DE01,VEH,VEH Asset 212,01-01-2022,
A0000213,0,IN01,COMP,COMP Asset 213,16-11-2022,
A0000214,0,DE01,VEH,VEH Asset 214,01-01-2022,
A0000215,0,DE01,BLDG,BLDG Asset 215,20-11-2022,21-02-2024
A0000216,0,DE01,BLDG,BLDG Asset 216,01-01-2022,
A0000217,0,DE01,BLDG,BLDG Asset 217,22-03-2023,
A0000218,0,IN01,BLDG,BLDG Asset 218,28-03-2022,
A0000219,0,US01,VEH,VEH Asset 219,26-04-2022,
A0000220,0,IN01,COMP,COMP Asset 220,01-01-2022,
A0000221,0,DE01,COMP,COMP Asset 221,01-01-2022,
A0000222,0,IN01,VEH,VEH Asset 222,20-04-2022,
A0000223,0,IN01,MACH,MACH Asset 223,07-05-2022,
A0000224,0,IN01,MACH,MACH Asset 224,01-01-2022,
A0000225,0,IN01,MACH,MACH Asset 225,01-01-2022,
A0000226,0,DE01,COMP,COMP Asset 226,22-03-2022,
A0000227,0,IN01,MACH,MACH Asset 227,01-01-2022,
A0000228,0,DE01,MACH,MACH Asset 228,01-01-2022,
A0000229,0,DE01,BLDG,BLDG Asset 229,17-10-2022,
A0000230,0,US01,COMP,COMP Asset 230,08-07-2022,
A0000231,0,DE01,COMP,COMP Asset 231,19-11-2022,
A0000232,0,DE01,VEH,VEH Asset 232,01-01-2022,
A0000233,0,US01,BLDG,BLDG Asset 233,09-10-2022,17-11-2023
A0000234,0,IN01,MACH,MACH Asset 234,01-01-2022,
A0000235,0,DE01,COMP,COMP Asset 235,21-11-2022,
A0000236,0,IN01,BLDG,BLDG Asset 236,21-10-2022,
A0000237,0,DE01,VEH,VEH Asset 237,20-02-2023,
A0000238,0,US01,BLDG,BLDG Asset 238,01-01-2022,
A0000239,0,US01,BLDG,BLDG Asset 239,20-01-2022,
A0000240,0,DE01,COMP,COMP Asset 240,21-01-2022,
A0000241,0,IN01,MACH,MACH Asset 241,25-09-2022,
A0000242,0,DE01,MACH,MACH Asset 242,18-03-2022,
A0000243,0,DE01,MACH,MACH Asset 243,20-09-2022,
A0000244,0,DE01,VEH,VEH Asset 244,31-05-2022,22-09-2023
A0000245,0,US01,MACH,MACH Asset 245,26-08-2022,
A0000246,0,DE01,BLDG,BLDG Asset 246,21-12-2022,
A0000247,0,US01,VEH,VEH Asset 247,11-02-2023,
A0000248,0,IN01,BLDG,BLDG Asset 248,01-01-2022,
A0000249,0,US01,COMP,COMP Asset 249,22-06-2022,
A0000250,0,IN01,VEH,VEH Asset 250,01-01-2022,
A0000251,0,US01,MACH,MACH Asset 251,10-01-2022,
A0000252,0,IN01,COMP,COMP Asset 252,01-01-2022,
A0000253,0,US01,MACH,MACH Asset 253,05-11-2022,
A0000254,0,IN01,VEH,VEH Asset 254,01-01-2022,
A0000255,0,IN01,MACH,MACH Asset 255,09-09-2022,
A0000256,0,US01,MACH,MACH Asset 256,29-06-2022,
A0000257,0,US01,BLDG,BLDG Asset 257,01-01-2022,
A0000258,0,US01,VEH,VEH Asset 258,31-12-2022,
A0000259,0,IN01,MACH,MACH Asset 259,05-11-2022,
A0000260,0,DE01,MACH,MACH Asset 260,23-03-2023,
A0000261,0,IN01,MACH,MACH Asset 261,08-11-2022,
A0000262,0,IN01,MACH,MACH Asset 262,10-08-2022,
A0000263,0,IN01,BLDG,BLDG Asset 263,28-05-2022,
A0000264,0,US01,VEH,VEH Asset 264,01-01-2022,
A0000265,0,DE01,MACH,MACH Asset 265,01-01-2022,
A0000266,0,US01,MACH,MACH Asset 266,11-09-2022,
A0000267,0,IN01,MACH,MACH Asset 267,19-01-2022,
A0000268,0,DE01,COMP,COMP Asset 268,18-02-2022,
A0000269,0,DE01,COMP,COMP Asset 269,12-03-2022,
A0000270,0,DE01,VEH,VEH Asset 270,29-08-2022,
A0000271,0,DE01,COMP,COMP Asset 271,01-01-2022,
A0000272,0,IN01,VEH,VEH Asset 272,01-01-2022,
A0000273,0,IN01,VEH,VEH Asset 273,17-06-2022,
A0000274,0,IN01,BLDG,BLDG Asset 274,26-03-2023,
A0000275,0,DE01,VEH,VEH Asset 275,01-01-2022,
A0000276,0,US01,MACH,MACH Asset 276,01-01-2022,
A0000277,0,US01,MACH,MACH Asset 277,12-03-2022,
A0000278,0,IN01,BLDG,BLDG Asset 278,19-10-2022,
A0000279,0,US01,VEH,VEH Asset 279,09-10-2022,
A0000280,0,IN01,BLDG,BLDG Asset 280,01-01-2022,
A0000281,0,US01,VEH,VEH Asset 281,01-01-2022,
A0000282,0,DE01,VEH,VEH Asset 282,15-09-2022,
A0000283,0,IN01,MACH,MACH Asset 283,20-02-2022,
A0000284,0,IN01,MACH,MACH Asset 284,03-10-2022,
A0000285,0,US01,MACH,MACH Asset 285,15-11-2022,
A0000286,0,IN01,MACH,MACH Asset 286,22-07-2022,
A0000287,0,DE01,BLDG,BLDG Asset 287,01-06-2022,
A0000288,0,IN01,VEH,VEH Asset 288,30-03-2023,
A0000289,0,DE01,MACH,MACH Asset 289,16-01-2022,
A0000290,0,DE01,BLDG,BLDG Asset 290,10-11-2022,
A0000291,0,IN01,COMP,COMP Asset 291,03-08-2022,
A0000292,0,DE01,BLDG,BLDG Asset 292,15-01-2023,
A0000293,0,DE01,BLDG,BLDG Asset 293,08-09-2022,
A0000294,0,IN01,COMP,COMP Asset 294,01-01-2022,
A0000295,0,DE01,COMP,COMP Asset 295,12-02-2023,
A0000296,0,US01,COMP,COMP Asset 296,19-03-2022,
A0000297,0,IN01,BLDG,BLDG Asset 297,13-11-2022,
A0000298,0,IN01,VEH,VEH Asset 298,26-02-2022,
A0000299,0,US01,BLDG,BLDG Asset 299,11-11-2022,
A0000300,0,DE01,COMP,COMP Asset 300,26-02-2023,
A0000301,0,US01,VEH,VEH Asset 301,27-03-2022,
A0000302,0,DE01,COMP,COMP Asset 302,01-01-2022,
A0000303,0,US01,COMP,COMP Asset 303,01-01-2022,
A0000304,0,IN01,COMP,COMP Asset 304,01-01-2022,01-03-2024
A0000305,0,IN01,COMP,COMP Asset 305,10-01-2023,
A0000306,0,IN01,MACH,MACH Asset 306,31-12-2022,
A0000307,0,DE01,VEH,VEH Asset 307,01-01-2022,
A0000308,0,IN01,BLDG,BLDG Asset 308,07-04-2022,28-08-2023
A0000309,0,US01,MACH,MACH Asset 309,20-09-2022,
A0000310,0,IN01,MACH,MACH Asset 310,15-02-2022,
A0000311,0,US01,MACH,MACH Asset 311,01-01-2022,
A0000312,0,US01,BLDG,BLDG Asset 312,17-09-2022,
A0000313,0,IN01,VEH,VEH Asset 313,27-06-2022,
A0000314,0,IN01,COMP,COMP Asset 314,21-03-2023,
A0000315,0,DE01,MACH,MACH Asset 315,10-02-2023,
A0000316,0,IN01,MACH,MACH Asset 316,22-08-2022,
A0000317,0,US01,COMP,COMP Asset 317,01-01-2022,
A0000318,0,US01,VEH,VEH Asset 318,17-12-2022,
A0000319,0,DE01,MACH,MACH Asset 319,21-07-2022,
A0000320,0,IN01,VEH,VEH Asset 320,04-09-2022,
A0000321,0,DE01,MACH,MACH Asset 321,01-01-2022,
A0000322,0,US01,VEH,VEH Asset 322,05-07-2022,
A0000323,0,DE01,MACH,MACH Asset 323,03-12-2022,
A0000324,0,US01,COMP,COMP Asset 324,22-08-2022,
A0000325,0,US01,VEH,VEH Asset 325,26-03-2023,
A0000326,0,US01,COMP,COMP Asset 326,26-11-2022,
A0000327,0,US01,COMP,COMP Asset 327,01-01-2022,
A0000328,0,US01,BLDG,BLDG Asset 328,06-01-2023,
A0000329,0,US01,COMP,COMP Asset 329,01-01-2022,
A0000330,0,DE01,COMP,COMP Asset 330,01-01-2022,
A0000331,0,US01,VEH,VEH Asset 331,24-07-2022,
A0000332,0,IN01,COMP,COMP Asset 332,17-05-2022,
A0000333,0,US01,COMP,COMP Asset 333,29-09-2022,
A0000334,0,US01,VEH,VEH Asset 334,22-02-2022,
A0000335,0,DE01,COMP,COMP Asset 335,26-08-2022,
A0000336,0,DE01,VEH,VEH Asset 336,07-06-2022,
A0000337,0,IN01,COMP,COMP Asset 337,03-05-2022,
A0000338,0,DE01,MACH,MACH Asset 338,27-02-2023,
A0000339,0,DE01,VEH,VEH Asset 339,28-03-2023,
A0000340,0,IN01,MACH,MACH Asset 340,01-01-2022,
A0000341,0,US01,MACH,MACH Asset 341,18-04-2022,
A0000342,0,US01,BLDG,BLDG Asset 342,24-01-2023,
A0000343,0,US01,BLDG,BLDG Asset 343,16-12-2022,11-08-2023
A0000344,0,DE01,BLDG,BLDG Asset 344,31-07-2022,
A0000345,0,DE01,VEH,VEH Asset 345,15-02-2023,06-03-2024
A0000346,0,DE01,MACH,MACH Asset 346,01-01-2022,02-11-2023
A0000347,0,IN01,BLDG,BLDG Asset 347,01-01-2022,
A0000348,0,US01,MACH,MACH Asset 348,03-02-2023,
A0000349,0,IN01,MACH,MACH Asset 349,15-09-2022,
A0000350,0,IN01,VEH,VEH Asset 350,01-01-2022,
A0000351,0,DE01,VEH,VEH Asset 351,01-01-2022,
A0000352,0,DE01,BLDG,BLDG Asset 352,01-01-2022,
A0000353,0,DE01,MACH,MACH Asset 353,11-04-2022,
A0000354,0,IN01,COMP,COMP Asset 354,01-01-2022,
A0000355,0,US01,MACH,MACH Asset 355,01-01-2022,
A0000356,0,US01,MACH,MACH Asset 356,11-12-2022,14-12-2023
A0000357,0,IN01,BLDG,BLDG Asset 357,12-01-2023,
A0000358,0,US01,BLDG,BLDG Asset 358,01-01-2022,
A0000359,0,IN01,MACH,MACH Asset 359,06-12-2022,
A0000360,0,IN01,VEH,VEH Asset 360,19-03-2022,
A0000361,0,DE01,BLDG,BLDG Asset 361,01-01-2022,
A0000362,0,DE01,MACH,MACH Asset 362,25-09-2022,
A0000363,0,US01,COMP,COMP Asset 363,02-02-2023,28-02-2024
A0000364,0,IN01,MACH,MACH Asset 364,22-02-2022,
A0000365,0,IN01,MACH,MACH Asset 365,13-01-2023,
A0000366,0,US01,BLDG,BLDG Asset 366,10-02-2022,
A0000367,0,DE01,VEH,VEH Asset 367,21-07-2022,
A0000368,0,IN01,COMP,COMP Asset 368,04-11-2022,
A0000369,0,IN01,BLDG,BLDG Asset 369,01-01-2022,
A0000370,0,DE01,COMP,COMP Asset 370,01-01-2022,
A0000371,0,DE01,VEH,VEH Asset 371,31-05-2022,
A0000372,0,IN01,VEH,VEH Asset 372,18-03-2022,
A0000373,0,DE01,COMP,COMP Asset 373,01-01-2022,
A0000374,0,DE01,VEH,VEH Asset 374,06-02-2023,
A0000375,0,IN01,VEH,VEH Asset 375,17-03-2023,
A0000376,0,US01,COMP,COMP Asset 376,16-09-2022,
A0000377,0,DE01,COMP,COMP Asset 377,22-02-2022,
A0000378,0,US01,COMP,COMP Asset 378,29-10-2022,
A0000379,0,IN01,MACH,MACH Asset 379,01-01-2022,
A0000380,0,DE01,COMP,COMP Asset 380,14-02-2023,
A0000381,0,IN01,COMP,COMP Asset 381,01-01-2022,
A0000382,0,US01,COMP,COMP Asset 382,20-01-2023,
A0000383,0,DE01,MACH,MACH Asset 383,01-01-2022,
A0000384,0,US01,MACH,MACH Asset 384,11-10-2022,
A0000385,0,IN01,BLDG,BLDG Asset 385,02-03-2022,
A0000386,0,US01,MACH,MACH Asset 386,17-04-2022,
A0000387,0,IN01,VEH,VEH Asset 387,01-01-2022,
A0000388,0,US01,VEH,VEH Asset 388,13-12-2022,
A0000389,0,DE01,BLDG,BLDG Asset 389,02-06-2022,
A0000390,0,DE01,VEH,VEH Asset 390,27-02-2022,
A0000391,0,IN01,COMP,COMP Asset 391,01-01-2022,
A0000392,0,US01,BLDG,BLDG Asset 392,01-01-2022,
A0000393,0,US01,BLDG,BLDG Asset 393,01-01-2022,
A0000394,0,IN01,BLDG,BLDG Asset 394,10-08-2022,
A0000395,0,DE01,BLDG,BLDG Asset 395,18-08-2022,
A0000396,0,US01,COMP,COMP Asset 396,28-06-2022,
A0000397,0,US01,BLDG,BLDG Asset 397,31-10-2022,07-01-2024
A0000398,0,DE01,MACH,MACH Asset 398,26-03-2022,
A0000399,0,US01,BLDG,BLDG Asset 399,22-04-2022,
A0000400,0,US01,COMP,COMP Asset 400,01-01-2022,
A0000401,0,US01,MACH,MACH Asset 401,01-01-2022,12-05-2023
A0000402,0,US01,COMP,COMP Asset 402,05-01-2023,
A0000403,0,IN01,BLDG,BLDG Asset 403,01-01-2022,
A0000404,0,US01,COMP,COMP Asset 404,03-04-2022,
A0000405,0,DE01,VEH,VEH Asset 405,27-03-2022,
A0000406,0,IN01,BLDG,BLDG Asset 406,10-02-2023,
A0000407,0,US01,MACH,MACH Asset 407,01-01-2022,
A0000408,0,DE01,MACH,MACH Asset 408,22-06-2022,
A0000409,0,IN01,BLDG,BLDG Asset 409,08-08-2022,
A0000410,0,US01,MACH,MACH Asset 410,01-01-2022,
A0000411,0,DE01,VEH,VEH Asset 411,05-11-2022,
A0000412,0,DE01,BLDG,BLDG Asset 412,12-12-2022,10-10-2023
A0000413,0,IN01,MACH,MACH Asset 413,07-12-2022,
A0000414,0,DE01,MACH,MACH Asset 414,01-01-2022,
A0000415,0,US01,MACH,MACH Asset 415,23-08-2022,
A0000416,0,DE01,BLDG,BLDG Asset 416,01-01-2022,
A0000417,0,DE01,VEH,VEH Asset 417,01-01-2022,
A0000418,0,IN01,BLDG,BLDG Asset 418,04-01-2022,
A0000419,0,IN01,MACH,MACH Asset 419,01-01-2022,
A0000420,0,IN01,COMP,COMP Asset 420,01-01-2022,
A0000421,0,IN01,MACH,MACH Asset 421,03-05-2022,
A0000422,0,IN01,BLDG,BLDG Asset 422,21-12-2022,
A0000423,0,IN01,BLDG,BLDG Asset 423,16-03-2022,
A0000424,0,DE01,COMP,COMP Asset 424,04-02-2022,
A0000425,0,US01,MACH,MACH Asset 425,28-03-2022,
A0000426,0,US01,VEH,VEH Asset 426,07-03-2023,
A0000427,0,IN01,VEH,VEH Asset 427,26-02-2022,
A0000428,0,US01,COMP,COMP Asset 428,25-01-2023,
A0000429,0,US01,MACH,MACH Asset 429,01-01-2022,
A0000430,0,DE01,COMP,COMP Asset 430,01-01-2022,
A0000431,0,DE01,MACH,MACH Asset 431,30-07-2022,
A0000432,0,DE01,COMP,COMP Asset 432,23-02-2022,
A0000433,0,DE01,COMP,COMP Asset 433,31-12-2022,
A0000434,0,IN01,BLDG,BLDG Asset 434,23-05-2022,
A0000435,0,US01,BLDG,BLDG Asset 435,28-06-2022,
A0000436,0,IN01,BLDG,BLDG Asset 436,01-01-2022,
A0000437,0,IN01,COMP,COMP Asset 437,11-01-2022,
A0000438,0,DE01,VEH,VEH Asset 438,16-04-2022,
A0000439,0,US01,COMP,COMP Asset 439,23-01-2023,
A0000440,0,IN01,MACH,MACH Asset 440,01-01-2022,
A0000441,0,DE01,COMP,COMP Asset 441,03-01-2022,
A0000442,0,US01,COMP,COMP Asset 442,16-01-2023,
A0000443,0,DE01,COMP,COMP Asset 443,04-02-2022,
A0000444,0,IN01,MACH,MACH Asset 444,26-07-2022,
A0000445,0,US01,COMP,COMP Asset 445,01-10-2022,
A0000446,0,US01,COMP,COMP Asset 446,26-09-2022,
A0000447,0,US01,VEH,VEH Asset 447,01-01-2022,
A0000448,0,DE01,BLDG,BLDG Asset 448,30-12-2022,
A0000449,0,US01,VEH,VEH Asset 449,01-01-2022,
A0000450,0,IN01,BLDG,BLDG Asset 450,12-12-2022,
A0000451,0,US01,VEH,VEH Asset 451,30-06-2022,
A0000452,0,DE01,VEH,VEH Asset 452,25-11-2022,
A0000453,0,US01,VEH,VEH Asset 453,10-06-2022,
A0000454,0,US01,COMP,COMP Asset 454,07-11-2022,
A0000455,0,US01,BLDG,BLDG Asset 455,08-06-2022,
A0000456,0,US01,COMP,COMP Asset 456,01-01-2022,
A0000457,0,IN01,BLDG,BLDG Asset 457,01-01-2022,
A0000458,0,DE01,MACH,MACH Asset 458,27-08-2022,
A0000459,0,IN01,COMP,COMP Asset 459,01-01-2022,
A0000460,0,IN01,BLDG,BLDG Asset 460,01-01-2022,
A0000461,0,IN01,MACH,MACH Asset 461,12-04-2022,
A0000462,0,US01,BLDG,BLDG Asset 462,05-01-2022,
A0000463,0,DE01,COMP,COMP Asset 463,01-01-2022,
A0000464,0,IN01,VEH,VEH Asset 464,03-07-2022,
A0000465,0,US01,VEH,VEH Asset 465,18-01-2022,
A0000466,0,US01,MACH,MACH Asset 466,04-05-2022,
A0000467,0,IN01,COMP,COMP Asset 467,28-09-2022,
A0000468,0,DE01,BLDG,BLDG Asset 468,01-01-2022,
A0000469,0,DE01,MACH,MACH Asset 469,13-01-2022,
A0000470,0,IN01,VEH,VEH Asset 470,01-01-2022,
A0000471,0,DE01,VEH,VEH Asset 471,01-01-2022,
A0000472,0,US01,VEH,VEH Asset 472,01-01-2022,
A0000473,0,US01,BLDG,BLDG Asset 473,12-07-2022,
A0000474,0,DE01,VEH,VEH Asset 474,23-12-2022,
A0000475,0,IN01,VEH,VEH Asset 475,01-01-2022,
A0000476,0,US01,BLDG,BLDG Asset 476,10-02-2022,
A0000477,0,US01,COMP,COMP Asset 477,01-01-2022,
A0000478,0,IN01,VEH,VEH Asset 478,19-07-2022,
A0000479,0,IN01,VEH,VEH Asset 479,26-01-2022,
A0000480,0,DE01,MACH,MACH Asset 480,13-09-2022,
A0000481,0,DE01,VEH,VEH Asset 481,01-01-2022,
A0000482,0,DE01,VEH,VEH Asset 482,10-09-2022,
A0000483,0,DE01,VEH,VEH Asset 483,01-01-2022,
A0000484,0,IN01,BLDG,BLDG Asset 484,01-01-2022,
A0000485,0,DE01,COMP,COMP Asset 485,25-02-2022,
A0000486,0,DE01,VEH,VEH Asset 486,12-12-2022,
A0000487,0,DE01,MACH,MACH Asset 487,11-03-2023,
A0000488,0,DE01,MACH,MACH Asset 488,01-01-2022,
A0000489,0,US01,VEH,VEH Asset 489,01-01-2022,
A0000490,0,US01,BLDG,BLDG Asset 490,22-05-2022,
A0000491,0,IN01,MACH,MACH Asset 491,01-01-2022,
A0000492,0,DE01,MACH,MACH Asset 492,29-12-2022,
A0000493,0,IN01,MACH,MACH Asset 493,01-01-2022,
A0000494,0,DE01,MACH,MACH Asset 494,05-04-2022,
A0000495,0,IN01,BLDG,BLDG Asset 495,01-01-2022,
A0000496,0,US01,COMP,COMP Asset 496,07-01-2022,
A0000497,0,US01,VEH,VEH Asset 497,01-01-2022,
A0000498,0,US01,VEH,VEH Asset 498,01-01-2022,
A0000499,0,DE01,MACH,MACH Asset 499,01-01-2022,
A0000500,0,US01,MACH,MACH Asset 500,18-03-2023,
A0000501,0,IN01,MACH,MACH Asset 501,28-02-2023,
A0000502,0,DE01,VEH,VEH Asset 502,01-01-2022,
A0000503,0,IN01,MACH,MACH Asset 503,27-10-2022,
A0000504,0,US01,MACH,MACH Asset 504,06-07-2022,
A0000505,0,DE01,MACH,MACH Asset 505,10-07-2022,
A0000506,0,US01,COMP,COMP Asset 506,27-10-2022,
A0000507,0,DE01,VEH,VEH Asset 507,01-01-2022,
A0000508,0,IN01,MACH,MACH Asset 508,12-12-2022,
A0000509,0,IN01,MACH,MACH Asset 509,02-09-2022,
A0000510,0,US01,VEH,VEH Asset 510,01-01-2022,
A0000511,0,US01,COMP,COMP Asset 511,01-01-2022,
A0000512,0,IN01,COMP,COMP Asset 512,20-12-2022,
A0000513,0,IN01,VEH,VEH Asset 513,01-03-2022,
A0000514,0,US01,MACH,MACH Asset 514,01-01-2022,
A0000515,0,DE01,COMP,COMP Asset 515,25-10-2022,
A0000516,0,IN01,COMP,COMP Asset 516,01-01-2022,
A0000517,0,US01,MACH,MACH Asset 517,29-07-2022,
A0000518,0,DE01,COMP,COMP Asset 518,01-03-2022,
A0000519,0,US01,VEH,VEH Asset 519,11-10-2022,
A0000520,0,IN01,VEH,VEH Asset 520,01-01-2022,
A0000521,0,IN01,BLDG,BLDG Asset 521,01-01-2022,
A0000522,0,US01,BLDG,BLDG Asset 522,12-09-2022,
A0000523,0,US01,BLDG,BLDG Asset 523,01-01-2022,
A0000524,0,US01,BLDG,BLDG Asset 524,01-01-2022,
A0000525,0,DE01,COMP,COMP Asset 525,25-01-2023,
A0000526,0,IN01,VEH,VEH Asset 526,01-01-2022,
A0000527,0,DE01,COMP,COMP Asset 527,01-01-2022,
A0000528,0,IN01,COMP,COMP Asset 528,01-01-2022,04-01-2024
A0000529,0,IN01,COMP,COMP Asset 529,24-02-2022,
A0000530,0,DE01,MACH,MACH Asset 530,01-01-2022,
A0000531,0,IN01,BLDG,BLDG Asset 531,13-03-2023,
A0000532,0,IN01,VEH,VEH Asset 532,20-02-2022,
A0000533,0,US01,VEH,VEH Asset 533,05-02-2023,
A0000534,0,IN01,BLDG,BLDG Asset 534,29-03-2023,
A0000535,0,IN01,BLDG,BLDG Asset 535,07-03-2022,
A0000536,0,DE01,VEH,VEH Asset 536,01-01-2022,
A0000537,0,DE01,MACH,MACH Asset 537,01-03-2022,
A0000538,0,US01,MACH,MACH Asset 538,19-12-2022,
A0000539,0,US01,BLDG,BLDG Asset 539,09-01-2022,
A0000540,0,IN01,VEH,VEH Asset 540,20-10-2022,
A0000541,0,DE01,VEH,VEH Asset 541,22-08-2022,
A0000542,0,IN01,COMP,COMP Asset 542,01-05-2022,
A0000543,0,US01,VEH,VEH Asset 543,13-07-2022,
A0000544,0,DE01,COMP,COMP Asset 544,01-01-2022,
A0000545,0,IN01,MACH,MACH Asset 545,01-01-2022,
A0000546,0,DE01,VEH,VEH Asset 546,01-01-2022,22-06-2023
A0000547,0,US01,BLDG,BLDG Asset 547,17-10-2022,
A0000548,0,IN01,MACH,MACH Asset 548,01-01-2022,09-07-2023
A0000549,0,US01,COMP,COMP Asset 549,01-01-2022,
A0000550,0,DE01,MACH,MACH Asset 550,02-09-2022,
A0000551,0,IN01,COMP,COMP Asset 551,01-01-2022,
A0000552,0,US01,VEH,VEH Asset 552,19-11-2022,
A0000553,0,IN01,COMP,COMP Asset 553,20-02-2023,
A0000554,0,DE01,BLDG,BLDG Asset 554,30-01-2022,
A0000555,0,IN01,VEH,VEH Asset 555,21-08-2022,
A0000556,0,US01,COMP,COMP Asset 556,31-12-2022,
A0000557,0,DE01,BLDG,BLDG Asset 557,01-01-2022,
A0000558,0,IN01,COMP,COMP Asset 558,01-01-2022,
A0000559,0,IN01,MACH,MACH Asset 559,31-07-2022,
A0000560,0,IN01,BLDG,BLDG Asset 560,13-06-2022,
A0000561,0,US01,VEH,VEH Asset 561,12-02-2023,
A0000562,0,US01,VEH,VEH Asset 562,24-01-2022,
A0000563,0,IN01,COMP,COMP Asset 563,27-02-2022,
A0000564,0,US01,COMP,COMP Asset 564,01-01-2022,
A0000565,0,IN01,COMP,COMP Asset 565,16-12-2022,
A0000566,0,IN01,MACH,MACH Asset 566,26-03-2023,
A0000567,0,IN01,COMP,COMP Asset 567,07-06-2022,
A0000568,0,US01,MACH,MACH Asset 568,01-01-2022,
A0000569,0,DE01,COMP,COMP Asset 569,02-06-2022,
A0000570,0,IN01,VEH,VEH Asset 570,01-01-2022,
A0000571,0,US01,MACH,MACH Asset 571,08-08-2022,
A0000572,0,IN01,VEH,VEH Asset 572,04-03-2023,
A0000573,0,US01,VEH,VEH Asset 573,25-04-2022,
A0000574,0,US01,VEH,VEH Asset 574,10-06-2022,
A0000575,0,DE01,MACH,MACH Asset 575,30-12-2022,
A0000576,0,IN01,BLDG,BLDG Asset 576,01-01-2022,
A0000577,0,US01,COMP,COMP Asset 577,02-12-2022,
A0000578,0,DE01,COMP,COMP Asset 578,25-05-2022,
A0000579,0,DE01,COMP,COMP Asset 579,01-01-2022,
A0000580,0,IN01,VEH,VEH Asset 580,31-05-2022,
A0000581,0,DE01,COMP,COMP Asset 581,02-09-2022,
A0000582,0,US01,COMP,COMP Asset 582,01-01-2022,
A0000583,0,IN01,COMP,COMP Asset 583,01-02-2022,
A0000584,0,US01,BLDG,BLDG Asset 584,01-01-2022,
A0000585,0,DE01,COMP,COMP Asset 585,16-05-2022,
A0000586,0,US01,COMP,COMP Asset 586,17-04-2022,
A0000587,0,US01,MACH,MACH Asset 587,27-04-2022,
A0000588,0,IN01,MACH,MACH Asset 588,14-07-2022,
A0000589,0,IN01,VEH,VEH Asset 589,11-03-2022,
A0000590,0,DE01,VEH,VEH Asset 590,15-11-2022,
A0000591,0,DE01,COMP,COMP Asset 591,04-07-2022,09-04-2023
A0000592,0,DE01,BLDG,BLDG Asset 592,10-03-2022,
A0000593,0,DE01,COMP,COMP Asset 593,12-12-2022,
A0000594,0,DE01,VEH,VEH Asset 594,15-03-2023,
A0000595,0,IN01,COMP,COMP Asset 595,10-03-2022,
A0000596,0,IN01,BLDG,BLDG Asset 596,04-03-2023,
A0000597,0,DE01,BLDG,BLDG Asset 597,01-01-2022,
A0000598,0,IN01,BLDG,BLDG Asset 598,02-09-2022,
A0000599,0,DE01,BLDG,BLDG Asset 599,17-07-2022,
A0000600,0,IN01,COMP,COMP Asset 600,19-09-2022,
A0000601,0,IN01,VEH,VEH Asset 601,01-01-2022,
A0000602,0,DE01,COMP,COMP Asset 602,01-01-2022,
A0000603,0,IN01,VEH,VEH Asset 603,01-01-2022,
A0000604,0,US01,VEH,VEH Asset 604,30-11-2022,
A0000605,0,US01,MACH,MACH Asset 605,12-03-2023,
A0000606,0,IN01,BLDG,BLDG Asset 606,04-04-2022,
A0000607,0,US01,BLDG,BLDG Asset 607,01-03-2023,
A0000608,0,US01,BLDG,BLDG Asset 608,01-01-2022,
A0000609,0,IN01,VEH,VEH Asset 609,14-07-2022,
A0000610,0,US01,BLDG,BLDG Asset 610,21-02-2023,
A0000611,0,DE01,COMP,COMP Asset 611,10-06-2022,
A0000612,0,US01,MACH,MACH Asset 612,12-07-2022,
A0000613,0,IN01,VEH,VEH Asset 613,01-01-2022,
A0000614,0,US01,VEH,VEH Asset 614,19-05-2022,
A0000615,0,DE01,COMP,COMP Asset 615,23-08-2022,
A0000616,0,US01,VEH,VEH Asset 616,01-04-2023,
A0000617,0,IN01,BLDG,BLDG Asset 617,06-06-2022,
A0000618,0,US01,BLDG,BLDG Asset 618,04-02-2022,24-10-2023
A0000619,0,US01,VEH,VEH Asset 619,01-01-2022,
A0000620,0,US01,COMP,COMP Asset 620,25-02-2023,
A0000621,0,US01,COMP,COMP Asset 621,24-08-2022,
A0000622,0,IN01,VEH,VEH Asset 622,01-01-2023,
A0000623,0,DE01,BLDG,BLDG Asset 623,14-02-2023,
A0000624,0,DE01,BLDG,BLDG Asset 624,09-10-2022,
A0000625,0,IN01,BLDG,BLDG Asset 625,10-04-2022,
A0000626,0,IN01,VEH,VEH Asset 626,25-02-2022,
A0000627,0,IN01,MACH,MACH Asset 627,16-03-2022,
A0000628,0,IN01,COMP,COMP Asset 628,01-01-2022,
A0000629,0,IN01,COMP,COMP Asset 629,23-01-2022,
A0000630,0,IN01,BLDG,BLDG Asset 630,01-01-2022,
A0000631,0,US01,VEH,VEH Asset 631,25-01-2023,
A0000632,0,IN01,COMP,COMP Asset 632,01-01-2022,
A0000633,0,US01,BLDG,BLDG Asset 633,19-04-2022,
A0000634,0,DE01,BLDG,BLDG Asset 634,01-01-2022,
A0000635,0,DE01,MACH,MACH Asset 635,22-07-2022,
A0000636,0,DE01,BLDG,BLDG Asset 636,25-04-2022,
A0000637,0,US01,COMP,COMP Asset 637,01-01-2022,
A0000638,0,IN01,BLDG,BLDG Asset 638,01-01-2022,
A0000639,0,US01,VEH,VEH Asset 639,14-04-2022,
A0000640,0,US01,MACH,MACH Asset 640,03-02-2022,
A0000641,0,IN01,COMP,COMP Asset 641,02-06-2022,
A0000642,0,US01,COMP,COMP Asset 642,25-09-2022,
A0000643,0,DE01,MACH,MACH Asset 643,01-01-2022,
A0000644,0,IN01,BLDG,BLDG Asset 644,01-01-2022,
A0000645,0,IN01,BLDG,BLDG Asset 645,08-11-2022,
A0000646,0,US01,VEH,VEH Asset 646,10-08-2022,
A0000647,0,DE01,COMP,COMP Asset 647,01-01-2022,
A0000648,0,DE01,VEH,VEH Asset 648,22-10-2022,
A0000649,0,US01,VEH,VEH Asset 649,09-08-2022,
A0000650,0,US01,MACH,MACH Asset 650,01-01-2022,
A0000651,0,US01,MACH,MACH Asset 651,17-04-2022,
A0000652,0,DE01,MACH,MACH Asset 652,22-07-2022,
A0000653,0,DE01,COMP,COMP Asset 653,01-01-2022,
A0000654,0,DE01,VEH,VEH Asset 654,01-09-2022,
A0000655,0,IN01,MACH,MACH Asset 655,01-01-2022,
A0000656,0,DE01,VEH,VEH Asset 656,23-08-2022,
A0000657,0,DE01,VEH,VEH Asset 657,07-10-2022,
A0000658,0,IN01,BLDG,BLDG Asset 658,11-04-2022,
A0000659,0,US01,BLDG,BLDG Asset 659,02-02-2022,
A0000660,0,DE01,MACH,MACH Asset 660,03-03-2023,
A0000661,0,DE01,BLDG,BLDG Asset 661,01-01-2022,
A0000662,0,DE01,MACH,MACH Asset 662,22-10-2022,
A0000663,0,DE01,BLDG,BLDG Asset 663,01-01-2022,
A0000664,0,US01,VEH,VEH Asset 664,25-12-2022,
A0000665,0,IN01,BLDG,BLDG Asset 665,21-05-2022,
A0000666,0,US01,BLDG,BLDG Asset 666,20-01-2023,
A0000667,0,US01,COMP,COMP Asset 667,01-01-2022,
A0000668,0,DE01,MACH,MACH Asset 668,12-06-2022,
A0000669,0,IN01,VEH,VEH Asset 669,01-01-2022,
A0000670,0,US01,MACH,MACH Asset 670,01-02-2023,
A0000671,0,IN01,COMP,COMP Asset 671,01-01-2022,
A0000672,0,DE01,MACH,MACH Asset 672,26-01-2022,
A0000673,0,IN01,VEH,VEH Asset 673,18-02-2023,
A0000674,0,IN01,VEH,VEH Asset 674,14-01-2023,
A0000675,0,IN01,MACH,MACH Asset 675,01-01-2022,
A0000676,0,DE01,COMP,COMP Asset 676,15-11-2022,
A0000677,0,US01,VEH,VEH Asset 677,05-01-2023,
A0000678,0,US01,MACH,MACH Asset 678,19-01-2022,
A0000679,0,US01,BLDG,BLDG Asset 679,25-01-2022,
A0000680,0,DE01,MACH,MACH Asset 680,11-03-2022,18-05-2023
A0000681,0,DE01,COMP,COMP Asset 681,23-07-2022,
A0000682,0,US01,VEH,VEH Asset 682,18-02-2022,
A0000683,0,US01,COMP,COMP Asset 683,26-09-2022,
A0000684,0,DE01,VEH,VEH Asset 684,01-01-2022,
A0000685,0,DE01,MACH,MACH Asset 685,01-01-2022,
A0000686,0,US01,MACH,MACH Asset 686,19-11-2022,
A0000687,0,DE01,MACH,MACH Asset 687,01-01-2022,
A0000688,0,DE01,VEH,VEH Asset 688,19-01-2023,
A0000689,0,DE01,COMP,COMP Asset 689,01-01-2022,
A0000690,0,US01,COMP,COMP Asset 690,01-01-2022,
A0000691,0,DE01,MACH,MACH Asset 691,01-01-2022,
A0000692,0,US01,COMP,COMP Asset 692,15-06-2022,
A0000693,0,US01,BLDG,BLDG Asset 693,05-10-2022,
A0000694,0,DE01,MACH,MACH Asset 694,01-01-2022,
A0000695,0,DE01,VEH,VEH Asset 695,22-07-2022,
A0000696,0,DE01,VEH,VEH Asset 696,19-07-2022,
A0000697,0,US01,VEH,VEH Asset 697,12-05-2022,26-05-2023
A0000698,0,IN01,COMP,COMP Asset 698,09-07-2022,
A0000699,0,IN01,COMP,COMP Asset 699,28-01-2023,24-04-2023
A0000700,0,IN01,BLDG,BLDG Asset 700,25-01-2023,
A0000701,0,US01,MACH,MACH Asset 701,01-01-2022,
A0000702,0,US01,VEH,VEH Asset 702,13-08-2022,
A0000703,0,DE01,COMP,COMP Asset 703,01-01-2022,
A0000704,0,IN01,COMP,COMP Asset 704,01-01-2022,
A0000705,0,IN01,BLDG,BLDG Asset 705,07-04-2022,
A0000706,0,DE01,MACH,MACH Asset 706,17-01-2023,
A0000707,0,US01,COMP,COMP Asset 707,11-03-2023,
A0000708,0,IN01,VEH,VEH Asset 708,27-06-2022,
A0000709,0,US01,COMP,COMP Asset 709,21-06-2022,
A0000710,0,IN01,MACH,MACH Asset 710,02-04-2022,
A0000711,0,DE01,VEH,VEH Asset 711,06-11-2022,
A0000712,0,IN01,COMP,COMP Asset 712,20-03-2023,
A0000713,0,IN01,COMP,COMP Asset 713,05-07-2022,
A0000714,0,IN01,VEH,VEH Asset 714,11-09-2022,
A0000715,0,US01,MACH,MACH Asset 715,26-01-2023,
A0000716,0,DE01,VEH,VEH Asset 716,15-03-2022,
A0000717,0,US01,MACH,MACH Asset 717,01-01-2022,
A0000718,0,US01,COMP,COMP Asset 718,01-01-2022,
A0000719,0,IN01,VEH,VEH Asset 719,09-11-2022,
A0000720,0,IN01,BLDG,BLDG Asset 720,06-09-2022,23-05-2023
A0000721,0,IN01,VEH,VEH Asset 721,30-07-2022,
A0000722,0,DE01,BLDG,BLDG Asset 722,01-01-2022,
A0000723,0,US01,BLDG,BLDG Asset 723,01-01-2022,
A0000724,0,IN01,VEH,VEH Asset 724,01-01-2022,
A0000725,0,IN01,VEH,VEH Asset 725,01-01-2022,
A0000726,0,DE01,VEH,VEH Asset 726,01-01-2022,
A0000727,0,DE01,COMP,COMP Asset 727,28-06-2022,
A0000728,0,DE01,VEH,VEH Asset 728,01-01-2022,
A0000729,0,US01,MACH,MACH Asset 729,05-07-2022,
A0000730,0,IN01,MACH,MACH Asset 730,26-11-2022,
A0000731,0,DE01,BLDG,BLDG Asset 731,01-01-2022,
A0000732,0,DE01,COMP,COMP Asset 732,01-01-2022,
A0000733,0,DE01,BLDG,BLDG Asset 733,01-01-2022,
A0000734,0,US01,MACH,MACH Asset 734,30-05-2022,
A0000735,0,US01,BLDG,BLDG Asset 735,09-02-2023,
A0000736,0,IN01,MACH,MACH Asset 736,01-01-2022,16-04-2023
A0000737,0,IN01,COMP,COMP Asset 737,01-01-2022,
A0000738,0,US01,VEH,VEH Asset 738,01-01-2022,
A0000739,0,IN01,VEH,VEH Asset 739,01-01-2022,
A0000740,0,IN01,VEH,VEH Asset 740,01-01-2022,
A0000741,0,DE01,VEH,VEH Asset 741,05-03-2023,
A0000742,0,US01,COMP,COMP Asset 742,01-01-2022,10-04-2023
A0000743,0,DE01,COMP,COMP Asset 743,01-01-2022,
A0000744,0,IN01,BLDG,BLDG Asset 744,01-01-2022,
A0000745,0,US01,COMP,COMP Asset 745,01-01-2022,
A0000746,0,IN01,MACH,MACH Asset 746,31-03-2023,
A0000747,0,DE01,VEH,VEH Asset 747,01-01-2022,
A0000748,0,DE01,COMP,COMP Asset 748,11-04-2022,
A0000749,0,IN01,MACH,MACH Asset 749,01-01-2022,
A0000750,0,IN01,COMP,COMP Asset 750,26-10-2022,
A0000751,0,IN01,VEH,VEH Asset 751,01-01-2022,
A0000752,0,IN01,VEH,VEH Asset 752,02-08-2022,
A0000753,0,US01,VEH,VEH Asset 753,03-01-2023,
A0000754,0,DE01,COMP,COMP Asset 754,01-01-2022,
A0000755,0,DE01,BLDG,BLDG Asset 755,13-12-2022,
A0000756,0,IN01,COMP,COMP Asset 756,01-01-2022,
A0000757,0,US01,COMP,COMP Asset 757,31-01-2023,
A0000758,0,DE01,COMP,COMP Asset 758,04-03-2022,
A0000759,0,IN01,MACH,MACH Asset 759,21-07-2022,
A0000760,0,US01,MACH,MACH Asset 760,11-03-2023,
A0000761,0,DE01,MACH,MACH Asset 761,06-01-2022,
A0000762,0,DE01,VEH,VEH Asset 762,27-03-2022,
A0000763,0,US01,BLDG,BLDG Asset 763,25-12-2022,
A0000764,0,IN01,MACH,MACH Asset 764,30-05-2022,
A0000765,0,DE01,BLDG,BLDG Asset 765,15-05-2022,
A0000766,0,US01,MACH,MACH Asset 766,28-04-2022,
A0000767,0,DE01,VEH,VEH Asset 767,24-03-2023,
A0000768,0,IN01,VEH,VEH Asset 768,01-07-2022,
A0000769,0,US01,COMP,COMP Asset 769,26-01-2022,
A0000770,0,IN01,MACH,MACH Asset 770,21-01-2022,
A0000771,0,US01,BLDG,BLDG Asset 771,29-07-2022,
A0000772,0,DE01,COMP,COMP Asset 772,01-01-2022,28-09-2023
A0000773,0,IN01,BLDG,BLDG Asset 773,22-08-2022,
A0000774,0,DE01,VEH,VEH Asset 774,04-04-2022,
A0000775,0,US01,COMP,COMP Asset 775,05-02-2023,
A0000776,0,DE01,COMP,COMP Asset 776,01-01-2022,
A0000777,0,DE01,MACH,MACH Asset 777,01-01-2022,
A0000778,0,US01,BLDG,BLDG Asset 778,01-01-2022,
A0000779,0,DE01,VEH,VEH Asset 779,01-01-2022,
A0000780,0,IN01,BLDG,BLDG Asset 780,08-10-2022,
A0000781,0,IN01,COMP,COMP Asset 781,05-01-2023,
A0000782,0,US01,BLDG,BLDG Asset 782,01-01-2022,
A0000783,0,US01,MACH,MACH Asset 783,16-08-2022,
A0000784,0,DE01,MACH,MACH Asset 784,01-01-2022,
A0000785,0,IN01,VEH,VEH Asset 785,01-01-2022,
A0000786,0,US01,BLDG,BLDG Asset 786,02-09-2022,
A0000787,0,DE01,VEH,VEH Asset 787,30-03-2023,
A0000788,0,US01,COMP,COMP Asset 788,01-01-2022,
A0000789,0,IN01,MACH,MACH Asset 789,01-01-2022,
A0000790,0,DE01,MACH,MACH Asset 790,14-07-2022,04-09-2023
A0000791,0,DE01,COMP,COMP Asset 791,28-01-2022,
A0000792,0,US01,BLDG,BLDG Asset 792,21-07-2022,
A0000793,0,IN01,VEH,VEH Asset 793,01-01-2022,26-09-2023
A0000794,0,IN01,BLDG,BLDG Asset 794,01-01-2022,
A0000795,0,IN01,COMP,COMP Asset 795,01-01-2022,
A0000796,0,IN01,COMP,COMP Asset 796,12-11-2022,
A0000797,0,DE01,COMP,COMP Asset 797,06-11-2022,
A0000798,0,DE01,COMP,COMP Asset 798,05-10-2022,
A0000799,0,DE01,BLDG,BLDG Asset 799,01-01-2022,
A0000800,0,IN01,MACH,MACH Asset 800,18-03-2022,26-10-2023
A0000801,0,DE01,MACH,MACH Asset 801,09-12-2022,
A0000802,0,US01,MACH,MACH Asset 802,01-01-2022,
A0000803,0,DE01,VEH,VEH Asset 803,01-01-2022,
A0000804,0,US01,COMP,COMP Asset 804,01-02-2022,
A0000805,0,DE01,COMP,COMP Asset 805,01-01-2022,
A0000806,0,IN01,COMP,COMP Asset 806,01-01-2022,
A0000807,0,US01,MACH,MACH Asset 807,01-01-2022,
A0000808,0,US01,COMP,COMP Asset 808,23-08-2022,
A0000809,0,DE01,MACH,MACH Asset 809,01-01-2022,
A0000810,0,DE01,MACH,MACH Asset 810,09-02-2023,
A0000811,0,DE01,MACH,MACH Asset 811,01-01-2022,
A0000812,0,IN01,MACH,MACH Asset 812,12-01-2023,
A0000813,0,DE01,BLDG,BLDG Asset 813,21-10-2022,
A0000814,0,US01,MACH,MACH Asset 814,09-01-2022,
A0000815,0,IN01,BLDG,BLDG Asset 815,10-04-2022,
A0000816,0,IN01,VEH,VEH Asset 816,01-01-2023,
A0000817,0,DE01,COMP,COMP Asset 817,01-01-2022,
A0000818,0,DE01,BLDG,BLDG Asset 818,06-10-2022,
A0000819,0,US01,VEH,VEH Asset 819,01-01-2022,
A0000820,0,US01,VEH,VEH Asset 820,05-12-2022,
A0000821,0,US01,COMP,COMP Asset 821,22-01-2022,
A0000822,0,IN01,COMP,COMP Asset 822,10-02-2022,
A0000823,0,DE01,COMP,COMP Asset 823,03-02-2023,
A0000824,0,DE01,COMP,COMP Asset 824,01-01-2022,
A0000825,0,DE01,COMP,COMP Asset 825,01-01-2022,10-03-2024
A0000826,0,IN01,COMP,COMP Asset 826,01-01-2022,
A0000827,0,DE01,COMP,COMP Asset 827,01-01-2022,
A0000828,0,US01,BLDG,BLDG Asset 828,01-01-2022,
A0000829,0,US01,VEH,VEH Asset 829,28-03-2023,
A0000830,0,US01,COMP,COMP Asset 830,05-11-2022,
A0000831,0,DE01,COMP,COMP Asset 831,01-01-2022,
A0000832,0,IN01,BLDG,BLDG Asset 832,15-08-2022,
A0000833,0,DE01,MACH,MACH Asset 833,02-10-2022,
A0000834,0,IN01,BLDG,BLDG Asset 834,01-01-2022,
A0000835,0,IN01,MACH,MACH Asset 835,24-05-2022,
A0000836,0,IN01,VEH,VEH Asset 836,01-01-2022,
A0000837,0,DE01,COMP,COMP Asset 837,25-01-2023,
A0000838,0,IN01,BLDG,BLDG Asset 838,01-01-2022,
A0000839,0,DE01,COMP,COMP Asset 839,29-01-2023,
A0000840,0,DE01,BLDG,BLDG Asset 840,13-09-2022,
A0000841,0,US01,BLDG,BLDG Asset 841,19-02-2023,
A0000842,0,US01,MACH,MACH Asset 842,06-04-2022,
A0000843,0,IN01,VEH,VEH Asset 843,01-01-2022,
A0000844,0,IN01,MACH,MACH Asset 844,25-03-2023,
A0000845,0,US01,BLDG,BLDG Asset 845,01-01-2022,
A0000846,0,DE01,VEH,VEH Asset 846,01-01-2022,
A0000847,0,US01,VEH,VEH Asset 847,23-01-2022,
A0000848,0,US01,COMP,COMP Asset 848,06-01-2023,
A0000849,0,IN01,COMP,COMP Asset 849,15-11-2022,
A0000850,0,IN01,BLDG,BLDG Asset 850,21-11-2022,
A0000851,0,IN01,BLDG,BLDG Asset 851,01-01-2022,26-01-2024
A0000852,0,US01,VEH,VEH Asset 852,01-01-2022,
A0000853,0,IN01,COMP,COMP Asset 853,20-07-2022,
A0000854,0,DE01,BLDG,BLDG Asset 854,14-03-2022,
A0000855,0,IN01,COMP,COMP Asset 855,10-02-2023,
A0000856,0,US01,BLDG,BLDG Asset 856,07-10-2022,
A0000857,0,DE01,COMP,COMP Asset 857,10-09-2022,
A0000858,0,IN01,MACH,MACH Asset 858,26-03-2022,
A0000859,0,IN01,VEH,VEH Asset 859,04-03-2023,
A0000860,0,US01,MACH,MACH Asset 860,01-01-2022,
A0000861,0,DE01,VEH,VEH Asset 861,01-01-2022,
A0000862,0,US01,BLDG,BLDG Asset 862,01-01-2022,
A0000863,0,US01,COMP,COMP Asset 863,13-03-2022,
A0000864,0,US01,MACH,MACH Asset 864,20-11-2022,
A0000865,0,IN01,BLDG,BLDG Asset 865,25-04-2022,
A0000866,0,IN01,BLDG,BLDG Asset 866,11-10-2022,
A0000867,0,DE01,BLDG,BLDG Asset 867,12-09-2022,
A0000868,0,US01,VEH,VEH Asset 868,27-09-2022,
A0000869,0,IN01,VEH,VEH Asset 869,21-07-2022,
A0000870,0,IN01,VEH,VEH Asset 870,24-01-2023,
A0000871,0,US01,COMP,COMP Asset 871,01-01-2022,
A0000872,0,US01,MACH,MACH Asset 872,19-12-2022,
A0000873,0,US01,BLDG,BLDG Asset 873,01-01-2022,
A0000874,0,IN01,MACH,MACH Asset 874,01-01-2022,
A0000875,0,DE01,VEH,VEH Asset 875,01-01-2022,
A0000876,0,US01,BLDG,BLDG Asset 876,04-06-2022,
A0000877,0,DE01,MACH,MACH Asset 877,01-01-2022,
A0000878,0,US01,BLDG,BLDG Asset 878,02-03-2023,
A0000879,0,DE01,MACH,MACH Asset 879,22-02-2023,27-02-2024
A0000880,0,DE01,MACH,MACH Asset 880,25-10-2022,
A0000881,0,US01,MACH,MACH Asset 881,28-09-2022,
A0000882,0,IN01,MACH,MACH Asset 882,13-01-2022,
A0000883,0,US01,COMP,COMP Asset 883,13-12-2022,
A0000884,0,US01,MACH,MACH Asset 884,01-01-2022,
A0000885,0,IN01,BLDG,BLDG Asset 885,07-02-2023,
A0000886,0,IN01,COMP,COMP Asset 886,01-01-2022,11-12-2023
A0000887,0,DE01,VEH,VEH Asset 887,25-03-2023,
A0000888,0,DE01,VEH,VEH Asset 888,01-10-2022,
A0000889,0,US01,COMP,COMP Asset 889,01-01-2022,
A0000890,0,DE01,VEH,VEH Asset 890,01-01-2022,
A0000891,0,US01,BLDG,BLDG Asset 891,28-02-2022,
A0000892,0,DE01,VEH,VEH Asset 892,04-04-2022,
A0000893,0,IN01,VEH,VEH Asset 893,15-05-2022,
A0000894,0,DE01,BLDG,BLDG Asset 894,01-01-2022,
A0000895,0,US01,BLDG,BLDG Asset 895,16-02-2022,02-12-2023
A0000896,0,US01,BLDG,BLDG Asset 896,01-01-2022,
A0000897,0,US01,MACH,MACH Asset 897,09-02-2022,
A0000898,0,US01,COMP,COMP Asset 898,27-11-2022,
A0000899,0,DE01,COMP,COMP Asset 899,01-01-2022,
A0000900,0,DE01,MACH,MACH Asset 900,28-02-2023,
A0000901,0,IN01,MACH,MACH Asset 901,01-01-2022,
A0000902,0,DE01,COMP,COMP Asset 902,01-01-2022,
A0000903,0,DE01,COMP,COMP Asset 903,26-12-2022,
A0000904,0,DE01,BLDG,BLDG Asset 904,03-02-2023,
A0000905,0,DE01,BLDG,BLDG Asset 905,01-01-2022,
A0000906,0,DE01,BLDG,BLDG Asset 906,22-02-2022,
A0000907,0,DE01,VEH,VEH Asset 907,18-03-2022,
A0000908,0,US01,BLDG,BLDG Asset 908,01-01-2022,
A0000909,0,US01,VEH,VEH Asset 909,03-01-2022,
A0000910,0,IN01,MACH,MACH Asset 910,19-07-2022,
A0000911,0,DE01,VEH,VEH Asset 911,01-01-2022,
A0000912,0,US01,MACH,MACH Asset 912,08-08-2022,
A0000913,0,US01,MACH,MACH Asset 913,04-03-2022,
A0000914,0,US01,MACH,MACH Asset 914,07-09-2022,
A0000915,0,US01,COMP,COMP Asset 915,12-03-2023,
A0000916,0,DE01,COMP,COMP Asset 916,21-07-2022,
A0000917,0,US01,BLDG,BLDG Asset 917,01-01-2022,
A0000918,0,US01,COMP,COMP Asset 918,24-03-2022,
A0000919,0,DE01,VEH,VEH Asset 919,02-09-2022,29-11-2023
A0000920,0,US01,MACH,MACH Asset 920,01-01-2022,02-07-2023
A0000921,0,US01,VEH,VEH Asset 921,09-12-2022,
A0000922,0,US01,VEH,VEH Asset 922,01-01-2022,
A0000923,0,IN01,VEH,VEH Asset 923,01-01-2022,
A0000924,0,US01,BLDG,BLDG Asset 924,01-01-2022,
A0000925,0,DE01,MACH,MACH Asset 925,15-03-2022,
A0000926,0,US01,VEH,VEH Asset 926,01-01-2022,
A0000927,0,IN01,COMP,COMP Asset 927,15-04-2022,
A0000928,0,IN01,MACH,MACH Asset 928,01-01-2022,
A0000929,0,US01,BLDG,BLDG Asset 929,11-11-2022,
A0000930,0,US01,COMP,COMP Asset 930,14-02-2022,
A0000931,0,IN01,COMP,COMP Asset 931,01-01-2022,
A0000932,0,IN01,VEH,VEH Asset 932,25-10-2022,
A0000933,0,DE01,VEH,VEH Asset 933,13-11-2022,
A0000934,0,IN01,VEH,VEH Asset 934,01-01-2022,
A0000935,0,DE01,COMP,COMP Asset 935,11-02-2023,
A0000936,0,DE01,VEH,VEH Asset 936,16-10-2022,
A0000937,0,DE01,VEH,VEH Asset 937,20-08-2022,
A0000938,0,US01,MACH,MACH Asset 938,12-10-2022,
A0000939,0,IN01,COMP,COMP Asset 939,03-06-2022,
A0000940,0,IN01,COMP,COMP Asset 940,19-07-2022,
A0000941,0,US01,COMP,COMP Asset 941,11-02-2023,
A0000942,0,US01,BLDG,BLDG Asset 942,20-08-2022,
A0000943,0,IN01,VEH,VEH Asset 943,01-01-2022,
A0000944,0,IN01,MACH,MACH Asset 944,31-03-2022,
A0000945,0,US01,COMP,COMP Asset 945,26-11-2022,
A0000946,0,IN01,COMP,COMP Asset 946,06-11-2022,
A0000947,0,IN01,VEH,VEH Asset 947,10-02-2023,
A0000948,0,DE01,MACH,MACH Asset 948,01-01-2022,
A0000949,0,DE01,COMP,COMP Asset 949,01-01-2022,
A0000950,0,DE01,BLDG,BLDG Asset 950,08-11-2022,
A0000951,0,IN01,VEH,VEH Asset 951,01-01-2022,
A0000952,0,IN01,BLDG,BLDG Asset 952,01-01-2022,
A0000953,0,IN01,MACH,MACH Asset 953,01-01-2022,
A0000954,0,DE01,VEH,VEH Asset 954,01-01-2022,
A0000955,0,DE01,MACH,MACH Asset 955,10-08-2022,
A0000956,0,DE01,MACH,MACH Asset 956,24-07-2022,
A0000957,0,IN01,COMP,COMP Asset 957,28-08-2022,
A0000958,0,IN01,MACH,MACH Asset 958,01-01-2022,
A0000959,0,US01,MACH,MACH Asset 959,10-02-2022,
A0000960,0,DE01,VEH,VEH Asset 960,01-01-2022,
A0000961,0,DE01,BLDG,BLDG Asset 961,01-01-2022,
A0000962,0,IN01,MACH,MACH Asset 962,01-01-2022,
A0000963,0,DE01,COMP,COMP Asset 963,14-05-2022,
A0000964,0,DE01,VEH,VEH Asset 964,01-01-2022,
A0000965,0,IN01,VEH,VEH Asset 965,07-09-2022,
A0000966,0,DE01,VEH,VEH Asset 966,11-05-2022,
A0000967,0,IN01,COMP,COMP Asset 967,01-01-2022,
A0000968,0,DE01,COMP,COMP Asset 968,12-07-2022,
A0000969,0,US01,VEH,VEH Asset 969,22-02-2023,
A0000970,0,IN01,BLDG,BLDG Asset 970,30-04-2022,
A0000971,0,US01,MACH,MACH Asset 971,01-01-2022,
A0000972,0,US01,BLDG,BLDG Asset 972,01-09-2022,
A0000973,0,US01,MACH,MACH Asset 973,08-03-2022,
A0000974,0,DE01,COMP,COMP Asset 974,07-01-2022,
A0000975,0,IN01,VEH,VEH Asset 975,01-01-2022,
A0000976,0,IN01,COMP,COMP Asset 976,14-02-2022,
A0000977,0,DE01,VEH,VEH Asset 977,06-05-2022,
A0000978,0,US01,BLDG,BLDG Asset 978,10-06-2022,
A0000979,0,US01,COMP,COMP Asset 979,01-01-2022,
A0000980,0,IN01,BLDG,BLDG Asset 980,21-10-2022,
A0000981,0,DE01,MACH,MACH Asset 981,06-07-2022,
A0000982,0,IN01,VEH,VEH Asset 982,01-01-2022,
A0000983,0,DE01,VEH,VEH Asset 983,01-01-2022,
A0000984,0,US01,MACH,MACH Asset 984,02-02-2022,
A0000985,0,DE01,MACH,MACH Asset 985,01-01-2022,
A0000986,0,IN01,BLDG,BLDG Asset 986,01-01-2022,
A0000987,0,DE01,BLDG,BLDG Asset 987,11-12-2022,
A0000988,0,DE01,BLDG,BLDG Asset 988,01-01-2022,
A0000989,0,US01,MACH,MACH Asset 989,11-01-2022,
A0000990,0,IN01,VEH,VEH Asset 990,01-08-2022,
A0000991,0,IN01,VEH,VEH Asset 991,01-01-2022,
A0000992,0,US01,BLDG,BLDG Asset 992,26-01-2022,
A0000993,0,IN01,MACH,MACH Asset 993,05-03-2023,
A0000994,0,DE01,VEH,VEH Asset 994,24-01-2023,
A0000995,0,IN01,BLDG,BLDG Asset 995,01-01-2022,
A0000996,0,US01,COMP,COMP Asset 996,14-02-2023,
A0000997,0,DE01,BLDG,BLDG Asset 997,28-11-2022,
A0000998,0,IN01,COMP,COMP Asset 998,17-02-2023,
A0000999,0,IN01,BLDG,BLDG Asset 999,18-06-2022,
A0001000,0,IN01,VEH,VEH Asset 1000,01-01-2022,
A0001001,0,DE01,VEH,VEH Asset 1001,06-01-2022,
A0001002,0,DE01,BLDG,BLDG Asset 1002,01-01-2022,
A0001003,0,US01,VEH,VEH Asset 1003,05-05-2022,
A0001004,0,IN01,COMP,COMP Asset 1004,06-07-2022,
A0001005,0,DE01,COMP,COMP Asset 1005,31-07-2022,
A0001006,0,DE01,VEH,VEH Asset 1006,01-01-2022,
A0001007,0,US01,VEH,VEH Asset 1007,24-02-2022,
A0001008,0,IN01,BLDG,BLDG Asset 1008,25-11-2022,
A0001009,0,IN01,VEH,VEH Asset 1009,20-04-2022,
A0001010,0,DE01,MACH,MACH Asset 1010,27-01-2023,
A0001011,0,IN01,BLDG,BLDG Asset 1011,01-01-2022,
A0001012,0,US01,COMP,COMP Asset 1012,01-01-2022,
A0001013,0,IN01,VEH,VEH Asset 1013,01-01-2022,
A0001014,0,DE01,MACH,MACH Asset 1014,08-03-2022,
A0001015,0,IN01,MACH,MACH Asset 1015,23-07-2022,
A0001016,0,US01,COMP,COMP Asset 1016,01-01-2022,
A0001017,0,US01,MACH,MACH Asset 1017,01-01-2022,
A0001018,0,US01,MACH,MACH Asset 1018,04-03-2023,
A0001019,0,DE01,COMP,COMP Asset 1019,15-01-2022,
A0001020,0,IN01,COMP,COMP Asset 1020,04-06-2022,
A0001021,0,US01,COMP,COMP Asset 1021,13-01-2023,
A0001022,0,DE01,COMP,COMP Asset 1022,25-03-2023,
A0001023,0,US01,MACH,MACH Asset 1023,11-01-2022,
A0001024,0,DE01,BLDG,BLDG Asset 1024,24-09-2022,
A0001025,0,US01,BLDG,BLDG Asset 1025,17-04-2022,
A0001026,0,IN01,MACH,MACH Asset 1026,04-12-2022,
A0001027,0,DE01,BLDG,BLDG Asset 1027,30-03-2022,
A0001028,0,US01,BLDG,BLDG Asset 1028,27-02-2022,
A0001029,0,DE01,COMP,COMP Asset 1029,01-01-2022,
A0001030,0,DE01,VEH,VEH Asset 1030,01-01-2022,
A0001031,0,US01,VEH,VEH Asset 1031,10-01-2022,
A0001032,0,IN01,COMP,COMP Asset 1032,09-08-2022,
A0001033,0,US01,COMP,COMP Asset 1033,01-08-2022,
A0001034,0,US01,MACH,MACH Asset 1034,21-11-2022,
A0001035,0,US01,BLDG,BLDG Asset 1035,04-01-2023,
A0001036,0,US01,BLDG,BLDG Asset 1036,24-01-2022,
A0001037,0,US01,VEH,VEH Asset 1037,20-11-2022,
A0001038,0,DE01,COMP,COMP Asset 1038,19-12-2022,
A0001039,0,US01,VEH,VEH Asset 1039,01-01-2022,
A0001040,0,US01,MACH,MACH Asset 1040,24-08-2022,
A0001041,0,DE01,BLDG,BLDG Asset 1041,01-01-2022,
A0001042,0,DE01,BLDG,BLDG Asset 1042,31-01-2022,
A0001043,0,DE01,COMP,COMP Asset 1043,19-07-2022,
A0001044,0,US01,COMP,COMP Asset 1044,13-09-2022,
A0001045,0,DE01,BLDG,BLDG Asset 1045,01-01-2022,
A0001046,0,US01,VEH,VEH Asset 1046,01-01-2022,
A0001047,0,IN01,BLDG,BLDG Asset 1047,01-01-2022,
A0001048,0,DE01,BLDG,BLDG Asset 1048,01-01-2022,
A0001049,0,IN01,MACH,MACH Asset 1049,01-01-2022,
A0001050,0,US01,COMP,COMP Asset 1050,01-01-2022,
A0001051,0,US01,COMP,COMP Asset 1051,01-11-2022,
A0001052,0,US01,BLDG,BLDG Asset 1052,13-08-2022,
A0001053,0,US01,COMP,COMP Asset 1053,11-10-2022,
A0001054,0,DE01,COMP,COMP Asset 1054,15-01-2022,
A0001055,0,IN01,COMP,COMP Asset 1055,01-01-2022,
A0001056,0,US01,MACH,MACH Asset 1056,22-02-2023,
A0001057,0,IN01,COMP,COMP Asset 1057,01-01-2022,
A0001058,0,IN01,BLDG,BLDG Asset 1058,01-01-2022,
A0001059,0,US01,BLDG,BLDG Asset 1059,01-01-2022,16-03-2024
A0001060,0,IN01,BLDG,BLDG Asset 1060,06-02-2022,
A0001061,0,IN01,BLDG,BLDG Asset 1061,01-01-2022,
A0001062,0,IN01,COMP,COMP Asset 1062,01-01-2022,
A0001063,0,DE01,MACH,MACH Asset 1063,14-06-2022,08-06-2023
A0001064,0,IN01,COMP,COMP Asset 1064,28-07-2022,
A0001065,0,DE01,VEH,VEH Asset 1065,01-05-2022,
A0001066,0,IN01,COMP,COMP Asset 1066,11-04-2022,
A0001067,0,IN01,VEH,VEH Asset 1067,05-03-2023,
A0001068,0,US01,MACH,MACH Asset 1068,24-04-2022,
A0001069,0,IN01,MACH,MACH Asset 1069,01-01-2022,
A0001070,0,IN01,MACH,MACH Asset 1070,01-01-2022,
A0001071,0,US01,BLDG,BLDG Asset 1071,01-09-2022,
A0001072,0,US01,MACH,MACH Asset 1072,01-01-2022,
A0001073,0,DE01,COMP,COMP Asset 1073,01-01-2022,
A0001074,0,US01,VEH,VEH Asset 1074,15-12-2022,
A0001075,0,IN01,VEH,VEH Asset 1075,05-11-2022,
A0001076,0,IN01,VEH,VEH Asset 1076,09-12-2022,
A0001077,0,DE01,VEH,VEH Asset 1077,24-10-2022,
A0001078,0,US01,BLDG,BLDG Asset 1078,09-11-2022,
A0001079,0,DE01,VEH,VEH Asset 1079,03-04-2022,
A0001080,0,US01,MACH,MACH Asset 1080,20-08-2022,
A0001081,0,DE01,MACH,MACH Asset 1081,01-01-2022,
A0001082,0,US01,COMP,COMP Asset 1082,01-01-2022,
A0001083,0,US01,COMP,COMP Asset 1083,04-02-2023,
A0001084,0,DE01,COMP,COMP Asset 1084,01-01-2022,
A0001085,0,IN01,MACH,MACH Asset 1085,01-01-2022,
A0001086,0,US01,COMP,COMP Asset 1086,14-05-2022,
A0001087,0,DE01,BLDG,BLDG Asset 1087,01-01-2022,
A0001088,0,US01,VEH,VEH Asset 1088,10-06-2022,
A0001089,0,DE01,BLDG,BLDG Asset 1089,21-01-2022,
A0001090,0,IN01,COMP,COMP Asset 1090,17-01-2023,
A0001091,0,US01,COMP,COMP Asset 1091,11-01-2022,
A0001092,0,IN01,MACH,MACH Asset 1092,30-07-2022,
A0001093,0,US01,MACH,MACH Asset 1093,01-01-2022,
A0001094,0,DE01,MACH,MACH Asset 1094,12-09-2022,
A0001095,0,DE01,COMP,COMP Asset 1095,01-01-2022,
A0001096,0,IN01,BLDG,BLDG Asset 1096,05-09-2022,
A0001097,0,DE01,COMP,COMP Asset 1097,11-12-2022,
A0001098,0,DE01,VEH,VEH Asset 1098,01-04-2022,
A0001099,0,IN01,VEH,VEH Asset 1099,01-01-2022,
A0001100,0,IN01,BLDG,BLDG Asset 1100,01-01-2022,
A0001101,0,IN01,MACH,MACH Asset 1101,01-01-2022,
A0001102,0,IN01,VEH,VEH Asset 1102,01-01-2022,
A0001103,0,IN01,BLDG,BLDG Asset 1103,03-04-2022,
A0001104,0,US01,COMP,COMP Asset 1104,01-01-2022,
A0001105,0,DE01,VEH,VEH Asset 1105,13-09-2022,
A0001106,0,IN01,COMP,COMP Asset 1106,26-09-2022,
A0001107,0,DE01,VEH,VEH Asset 1107,27-12-2022,
A0001108,0,DE01,BLDG,BLDG Asset 1108,01-01-2022,
A0001109,0,US01,VEH,VEH Asset 1109,01-01-2022,
A0001110,0,DE01,VEH,VEH Asset 1110,25-01-2022,
A0001111,0,US01,BLDG,BLDG Asset 1111,02-02-2023,
A0001112,0,US01,VEH,VEH Asset 1112,29-10-2022,18-12-2023
A0001113,0,US01,VEH,VEH Asset 1113,01-01-2022,
A0001114,0,IN01,COMP,COMP Asset 1114,10-01-2023,
A0001115,0,IN01,MACH,MACH Asset 1115,01-04-2023,
A0001116,0,DE01,BLDG,BLDG Asset 1116,01-01-2022,
A0001117,0,IN01,COMP,COMP Asset 1117,01-01-2022,
A0001118,0,IN01,VEH,VEH Asset 1118,01-01-2022,
A0001119,0,DE01,VEH,VEH Asset 1119,21-08-2022,
A0001120,0,IN01,MACH,MACH Asset 1120,01-01-2022,
A0001121,0,IN01,MACH,MACH Asset 1121,01-01-2022,
A0001122,0,DE01,COMP,COMP Asset 1122,29-04-2022,
A0001123,0,DE01,MACH,MACH Asset 1123,01-01-2022,
A0001124,0,DE01,BLDG,BLDG Asset 1124,01-01-2022,
A0001125,0,IN01,BLDG,BLDG Asset 1125,23-04-2022,
A0001126,0,DE01,MACH,MACH Asset 1126,01-01-2022,
A0001127,0,DE01,VEH,VEH Asset 1127,07-06-2022,
A0001128,0,DE01,MACH,MACH Asset 1128,10-02-2022,
A0001129,0,US01,BLDG,BLDG Asset 1129,01-01-2022,
A0001130,0,IN01,BLDG,BLDG Asset 1130,01-01-2022,
A0001131,0,DE01,COMP,COMP Asset 1131,28-09-2022,
A0001132,0,IN01,COMP,COMP Asset 1132,20-03-2023,
A0001133,0,DE01,MACH,MACH Asset 1133,07-02-2023,
A0001134,0,US01,BLDG,BLDG Asset 1134,26-06-2022,
A0001135,0,IN01,COMP,COMP Asset 1135,02-03-2023,
A0001136,0,IN01,COMP,COMP Asset 1136,19-03-2022,
A0001137,0,DE01,BLDG,BLDG Asset 1137,01-01-2022,
A0001138,0,US01,MACH,MACH Asset 1138,14-10-2022,
A0001139,0,US01,MACH,MACH Asset 1139,04-11-2022,
A0001140,0,DE01,COMP,COMP Asset 1140,09-08-2022,
A0001141,0,DE01,VEH,VEH Asset 1141,30-12-2022,
A0001142,0,DE01,COMP,COMP Asset 1142,18-03-2023,
A0001143,0,IN01,BLDG,BLDG Asset 1143,01-01-2022,
A0001144,0,US01,BLDG,BLDG Asset 1144,01-01-2022,
A0001145,0,DE01,VEH,VEH Asset 1145,29-10-2022,
A0001146,0,IN01,BLDG,BLDG Asset 1146,10-03-2023,
A0001147,0,US01,BLDG,BLDG Asset 1147,14-04-2022,
A0001148,0,US01,MACH,MACH Asset 1148,12-03-2022,
A0001149,0,DE01,BLDG,BLDG Asset 1149,01-01-2022,
A0001150,0,IN01,COMP,COMP Asset 1150,25-08-2022,
A0001151,0,DE01,COMP,COMP Asset 1151,22-11-2022,
A0001152,0,IN01,VEH,VEH Asset 1152,01-01-2022,04-10-2023
A0001153,0,IN01,COMP,COMP Asset 1153,11-03-2022,
A0001154,0,IN01,VEH,VEH Asset 1154,01-01-2022,
A0001155,0,DE01,BLDG,BLDG Asset 1155,01-01-2022,
A0001156,0,IN01,MACH,MACH Asset 1156,06-02-2023,
A0001157,0,IN01,MACH,MACH Asset 1157,01-01-2022,
A0001158,0,IN01,VEH,VEH Asset 1158,08-05-2022,
A0001159,0,DE01,BLDG,BLDG Asset 1159,02-01-2022,
A0001160,0,US01,MACH,MACH Asset 1160,19-11-2022,
A0001161,0,DE01,BLDG,BLDG Asset 1161,01-01-2022,
A0001162,0,IN01,COMP,COMP Asset 1162,09-01-2022,
A0001163,0,DE01,COMP,COMP Asset 1163,10-05-2022,
A0001164,0,IN01,BLDG,BLDG Asset 1164,01-01-2022,
A0001165,0,DE01,COMP,COMP Asset 1165,09-08-2022,
A0001166,0,DE01,COMP,COMP Asset 1166,01-01-2022,
A0001167,0,US01,MACH,MACH Asset 1167,01-01-2022,
A0001168,0,IN01,VEH,VEH Asset 1168,01-11-2022,
A0001169,0,DE01,BLDG,BLDG Asset 1169,01-01-2022,
A0001170,0,IN01,BLDG,BLDG Asset 1170,24-12-2022,
A0001171,0,DE01,COMP,COMP Asset 1171,15-07-2022,
A0001172,0,US01,COMP,COMP Asset 1172,15-01-2022,
A0001173,0,US01,BLDG,BLDG Asset 1173,01-01-2022,
A0001174,0,US01,VEH,VEH Asset 1174,01-01-2022,
A0001175,0,DE01,MACH,MACH Asset 1175,15-05-2022,
A0001176,0,DE01,BLDG,BLDG Asset 1176,22-10-2022,
A0001177,0,IN01,BLDG,BLDG Asset 1177,01-01-2022,
A0001178,0,IN01,VEH,VEH Asset 1178,16-04-2022,
A0001179,0,US01,MACH,MACH Asset 1179,05-03-2022,
A0001180,0,US01,BLDG,BLDG Asset 1180,16-05-2022,
A0001181,0,IN01,VEH,VEH Asset 1181,17-01-2023,
A0001182,0,DE01,COMP,COMP Asset 1182,01-01-2022,
A0001183,0,US01,VEH,VEH Asset 1183,27-07-2022,
A0001184,0,IN01,BLDG,BLDG Asset 1184,19-02-2023,
A0001185,0,DE01,MACH,MACH Asset 1185,01-01-2022,
A0001186,0,DE01,MACH,MACH Asset 1186,01-01-2022,
A0001187,0,DE01,MACH,MACH Asset 1187,03-11-2022,
A0001188,0,US01,MACH,MACH Asset 1188,01-01-2022,26-05-2023
A0001189,0,US01,MACH,MACH Asset 1189,16-11-2022,
A0001190,0,IN01,MACH,MACH Asset 1190,12-07-2022,
A0001191,0,IN01,COMP,COMP Asset 1191,02-08-2022,
A0001192,0,US01,COMP,COMP Asset 1192,01-01-2022,
A0001193,0,US01,COMP,COMP Asset 1193,21-01-2023,
A0001194,0,US01,COMP,COMP Asset 1194,08-03-2022,
A0001195,0,US01,COMP,COMP Asset 1195,01-01-2022,
A0001196,0,DE01,VEH,VEH Asset 1196,01-01-2022,
A0001197,0,IN01,BLDG,BLDG Asset 1197,20-05-2022,
A0001198,0,US01,VEH,VEH Asset 1198,01-01-2022,
A0001199,0,IN01,BLDG,BLDG Asset 1199,03-03-2022,11-01-2024
A0001200,0,IN01,BLDG,BLDG Asset 1200,12-06-2022,
A0001201,0,DE01,COMP,COMP Asset 1201,01-01-2022,
A0001202,0,IN01,VEH,VEH Asset 1202,01-01-2022,
A0001203,0,DE01,VEH,VEH Asset 1203,11-03-2022,
A0001204,0,IN01,VEH,VEH Asset 1204,01-01-2022,
A0001205,0,DE01,VEH,VEH Asset 1205,27-10-2022,
A0001206,0,DE01,MACH,MACH Asset 1206,29-11-2022,11-03-2024
A0001207,0,DE01,COMP,COMP Asset 1207,18-10-2022,12-09-2023
A0001208,0,US01,BLDG,BLDG Asset 1208,27-11-2022,
A0001209,0,IN01,VEH,VEH Asset 1209,26-04-2022,
A0001210,0,DE01,VEH,VEH Asset 1210,01-01-2022,
A0001211,0,IN01,VEH,VEH Asset 1211,01-01-2022,05-09-2023
A0001212,0,US01,COMP,COMP Asset 1212,01-01-2022,
A0001213,0,IN01,MACH,MACH Asset 1213,30-01-2023,
A0001214,0,IN01,MACH,MACH Asset 1214,04-03-2023,
A0001215,0,DE01,VEH,VEH Asset 1215,27-12-2022,
A0001216,0,DE01,VEH,VEH Asset 1216,09-02-2022,
A0001217,0,US01,MACH,MACH Asset 1217,23-04-2022,
A0001218,0,DE01,BLDG,BLDG Asset 1218,31-08-2022,
A0001219,0,IN01,COMP,COMP Asset 1219,01-04-2023,
A0001220,0,US01,BLDG,BLDG Asset 1220,20-06-2022,
A0001221,0,US01,MACH,MACH Asset 1221,01-01-2022,
A0001222,0,US01,BLDG,BLDG Asset 1222,02-11-2022,
A0001223,0,DE01,BLDG,BLDG Asset 1223,16-11-2022,01-11-2023
A0001224,0,DE01,VEH,VEH Asset 1224,01-01-2022,
A0001225,0,DE01,BLDG,BLDG Asset 1225,28-02-2023,
A0001226,0,DE01,BLDG,BLDG Asset 1226,01-01-2022,
A0001227,0,US01,MACH,MACH Asset 1227,25-02-2023,
A0001228,0,IN01,COMP,COMP Asset 1228,01-01-2022,
A0001229,0,US01,MACH,MACH Asset 1229,30-11-2022,
A0001230,0,DE01,BLDG,BLDG Asset 1230,16-04-2022,
A0001231,0,DE01,BLDG,BLDG Asset 1231,19-07-2022,
A0001232,0,US01,MACH,MACH Asset 1232,03-05-2022,
A0001233,0,DE01,COMP,COMP Asset 1233,09-03-2022,
A0001234,0,IN01,BLDG,BLDG Asset 1234,22-04-2022,
A0001235,0,IN01,VEH,VEH Asset 1235,10-09-2022,
A0001236,0,US01,BLDG,BLDG Asset 1236,13-01-2022,
A0001237,0,DE01,MACH,MACH Asset 1237,01-01-2022,
A0001238,0,IN01,BLDG,BLDG Asset 1238,05-07-2022,
A0001239,0,DE01,VEH,VEH Asset 1239,07-02-2023,
A0001240,0,IN01,MACH,MACH Asset 1240,29-01-2022,
A0001241,0,US01,COMP,COMP Asset 1241,01-05-2022,
A0001242,0,DE01,MACH,MACH Asset 1242,01-01-2022,
A0001243,0,IN01,VEH,VEH Asset 1243,26-10-2022,
A0001244,0,DE01,BLDG,BLDG Asset 1244,19-10-2022,
A0001245,0,US01,VEH,VEH Asset 1245,05-05-2022,
A0001246,0,DE01,COMP,COMP Asset 1246,05-02-2023,
A0001247,0,DE01,BLDG,BLDG Asset 1247,03-06-2022,
A0001248,0,US01,VEH,VEH Asset 1248,01-05-2022,
A0001249,0,DE01,VEH,VEH Asset 1249,22-02-2023,
A0001250,0,US01,COMP,COMP Asset 1250,01-01-2022,07-03-2024
A0001251,0,US01,VEH,VEH Asset 1251,19-07-2022,
A0001252,0,DE01,VEH,VEH Asset 1252,22-02-2022,
A0001253,0,DE01,MACH,MACH Asset 1253,01-01-2022,
A0001254,0,DE01,VEH,VEH Asset 1254,01-01-2022,
A0001255,0,IN01,BLDG,BLDG Asset 1255,13-07-2022,
A0001256,0,DE01,BLDG,BLDG Asset 1256,31-07-2022,
A0001257,0,DE01,VEH,VEH Asset 1257,01-01-2022,
A0001258,0,US01,MACH,MACH Asset 1258,01-01-2022,
A0001259,0,IN01,VEH,VEH Asset 1259,04-07-2022,
A0001260,0,DE01,VEH,VEH Asset 1260,01-01-2022,
A0001261,0,DE01,VEH,VEH Asset 1261,07-04-2022,
A0001262,0,IN01,VEH,VEH Asset 1262,01-01-2022,
A0001263,0,DE01,MACH,MACH Asset 1263,01-01-2022,
A0001264,0,IN01,COMP,COMP Asset 1264,27-12-2022,
A0001265,0,US01,BLDG,BLDG Asset 1265,31-10-2022,
A0001266,0,IN01,BLDG,BLDG Asset 1266,01-01-2022,
A0001267,0,DE01,VEH,VEH Asset 1267,04-06-2022,
A0001268,0,DE01,MACH,MACH Asset 1268,07-08-2022,20-02-2024
A0001269,0,DE01,MACH,MACH Asset 1269,26-02-2023,
A0001270,0,US01,BLDG,BLDG Asset 1270,20-03-2023,
A0001271,0,US01,COMP,COMP Asset 1271,01-01-2022,
A0001272,0,US01,VEH,VEH Asset 1272,01-01-2022,
A0001273,0,DE01,VEH,VEH Asset 1273,26-03-2022,
A0001274,0,DE01,COMP,COMP Asset 1274,23-09-2022,
A0001275,0,US01,BLDG,BLDG Asset 1275,19-01-2022,
A0001276,0,US01,MACH,MACH Asset 1276,01-01-2022,
A0001277,0,US01,BLDG,BLDG Asset 1277,01-01-2022,
A0001278,0,US01,MACH,MACH Asset 1278,01-01-2022,
A0001279,0,US01,BLDG,BLDG Asset 1279,01-01-2022,04-03-2024
A0001280,0,DE01,BLDG,BLDG Asset 1280,27-05-2022,
A0001281,0,US01,VEH,VEH Asset 1281,01-01-2022,
A0001282,0,DE01,VEH,VEH Asset 1282,01-01-2022,
A0001283,0,IN01,VEH,VEH Asset 1283,01-01-2022,19-03-2024
A0001284,0,IN01,MACH,MACH Asset 1284,29-10-2022,
A0001285,0,US01,MACH,MACH Asset 1285,01-01-2022,
A0001286,0,IN01,VEH,VEH Asset 1286,16-04-2022,
A0001287,0,DE01,VEH,VEH Asset 1287,29-03-2022,
A0001288,0,US01,MACH,MACH Asset 1288,03-02-2023,
A0001289,0,US01,COMP,COMP Asset 1289,19-03-2022,
A0001290,0,DE01,VEH,VEH Asset 1290,01-01-2022,
A0001291,0,DE01,COMP,COMP Asset 1291,17-11-2022,
A0001292,0,DE01,VEH,VEH Asset 1292,07-05-2022,
A0001293,0,DE01,BLDG,BLDG Asset 1293,17-08-2022,
A0001294,0,DE01,BLDG,BLDG Asset 1294,20-03-2022,
A0001295,0,IN01,MACH,MACH Asset 1295,01-01-2022,
A0001296,0,DE01,MACH,MACH Asset 1296,01-01-2022,
A0001297,0,DE01,VEH,VEH Asset 1297,03-04-2022,
A0001298,0,IN01,VEH,VEH Asset 1298,27-12-2022,
A0001299,0,IN01,MACH,MACH Asset 1299,27-03-2022,
A0001300,0,US01,COMP,COMP Asset 1300,22-10-2022,21-08-2023
A0001301,0,US01,COMP,COMP Asset 1301,01-01-2022,
A0001302,0,IN01,COMP,COMP Asset 1302,01-01-2022,
A0001303,0,US01,MACH,MACH Asset 1303,01-01-2022,
A0001304,0,DE01,BLDG,BLDG Asset 1304,03-09-2022,
A0001305,0,US01,COMP,COMP Asset 1305,15-02-2023,
A0001306,0,IN01,VEH,VEH Asset 1306,08-09-2022,
A0001307,0,IN01,MACH,MACH Asset 1307,14-12-2022,
A0001308,0,DE01,VEH,VEH Asset 1308,01-01-2022,
A0001309,0,US01,VEH,VEH Asset 1309,20-04-2022,
A0001310,0,DE01,COMP,COMP Asset 1310,23-09-2022,
A0001311,0,IN01,BLDG,BLDG Asset 1311,23-03-2023,
A0001312,0,US01,MACH,MACH Asset 1312,25-12-2022,
A0001313,0,US01,COMP,COMP Asset 1313,01-01-2022,
A0001314,0,DE01,VEH,VEH Asset 1314,10-09-2022,
A0001315,0,US01,MACH,MACH Asset 1315,09-11-2022,
A0001316,0,DE01,VEH,VEH Asset 1316,17-10-2022,
A0001317,0,US01,COMP,COMP Asset 1317,01-01-2022,
A0001318,0,US01,MACH,MACH Asset 1318,01-01-2022,
A0001319,0,IN01,BLDG,BLDG Asset 1319,01-01-2022,
A0001320,0,DE01,VEH,VEH Asset 1320,01-01-2022,
A0001321,0,IN01,VEH,VEH Asset 1321,13-06-2022,
A0001322,0,US01,VEH,VEH Asset 1322,09-04-2022,
A0001323,0,IN01,BLDG,BLDG Asset 1323,08-07-2022,
A0001324,0,DE01,BLDG,BLDG Asset 1324,14-03-2023,
A0001325,0,US01,BLDG,BLDG Asset 1325,03-06-2022,
A0001326,0,DE01,MACH,MACH Asset 1326,15-10-2022,
A0001327,0,IN01,BLDG,BLDG Asset 1327,01-01-2022,
A0001328,0,DE01,BLDG,BLDG Asset 1328,25-12-2022,
A0001329,0,US01,BLDG,BLDG Asset 1329,01-01-2022,
A0001330,0,IN01,BLDG,BLDG Asset 1330,01-01-2022,
A0001331,0,DE01,BLDG,BLDG Asset 1331,10-12-2022,
A0001332,0,DE01,VEH,VEH Asset 1332,16-05-2022,
A0001333,0,DE01,COMP,COMP Asset 1333,29-03-2022,
A0001334,0,US01,VEH,VEH Asset 1334,30-03-2023,
A0001335,0,DE01,VEH,VEH Asset 1335,01-01-2022,
A0001336,0,IN01,BLDG,BLDG Asset 1336,01-01-2022,
A0001337,0,DE01,MACH,MACH Asset 1337,01-01-2022,
A0001338,0,IN01,BLDG,BLDG Asset 1338,10-01-2023,07-02-2024
A0001339,0,DE01,COMP,COMP Asset 1339,01-01-2022,
A0001340,0,DE01,COMP,COMP Asset 1340,24-12-2022,
A0001341,0,IN01,BLDG,BLDG Asset 1341,28-03-2023,
A0001342,0,US01,MACH,MACH Asset 1342,01-01-2022,
A0001343,0,IN01,MACH,MACH Asset 1343,26-03-2022,
A0001344,0,IN01,COMP,COMP Asset 1344,01-01-2022,
A0001345,0,IN01,VEH,VEH Asset 1345,11-05-2022,
A0001346,0,US01,MACH,MACH Asset 1346,01-01-2022,
A0001347,0,US01,MACH,MACH Asset 1347,01-01-2022,
A0001348,0,DE01,BLDG,BLDG Asset 1348,15-01-2022,
A0001349,0,DE01,BLDG,BLDG Asset 1349,13-12-2022,
A0001350,0,DE01,VEH,VEH Asset 1350,26-09-2022,
A0001351,0,US01,MACH,MACH Asset 1351,09-03-2023,
A0001352,0,US01,COMP,COMP Asset 1352,19-01-2023,
A0001353,0,DE01,VEH,VEH Asset 1353,01-01-2022,
A0001354,0,IN01,VEH,VEH Asset 1354,19-05-2022,
A0001355,0,US01,COMP,COMP Asset 1355,12-04-2022,
A0001356,0,US01,VEH,VEH Asset 1356,01-01-2022,
A0001357,0,DE01,MACH,MACH Asset 1357,13-02-2023,
A0001358,0,DE01,COMP,COMP Asset 1358,15-07-2022,
A0001359,0,US01,BLDG,BLDG Asset 1359,01-01-2022,
A0001360,0,IN01,VEH,VEH Asset 1360,01-01-2022,
A0001361,0,US01,MACH,MACH Asset 1361,06-10-2022,
A0001362,0,IN01,BLDG,BLDG Asset 1362,17-09-2022,
A0001363,0,IN01,BLDG,BLDG Asset 1363,01-01-2022,
A0001364,0,DE01,BLDG,BLDG Asset 1364,01-01-2022,
A0001365,0,DE01,COMP,COMP Asset 1365,01-01-2022,
A0001366,0,US01,MACH,MACH Asset 1366,07-08-2022,
A0001367,0,US01,VEH,VEH Asset 1367,01-01-2022,
A0001368,0,US01,COMP,COMP Asset 1368,03-06-2022,
A0001369,0,DE01,COMP,COMP Asset 1369,01-01-2022,
A0001370,0,DE01,COMP,COMP Asset 1370,01-01-2022,
A0001371,0,US01,MACH,MACH Asset 1371,01-01-2022,
A0001372,0,IN01,BLDG,BLDG Asset 1372,18-01-2022,
A0001373,0,US01,BLDG,BLDG Asset 1373,01-01-2022,
A0001374,0,DE01,VEH,VEH Asset 1374,01-01-2022,
A0001375,0,DE01,BLDG,BLDG Asset 1375,21-03-2022,
A0001376,0,US01,VEH,VEH Asset 1376,01-01-2022,
A0001377,0,IN01,BLDG,BLDG Asset 1377,08-06-2022,
A0001378,0,DE01,COMP,COMP Asset 1378,06-02-2023,
A0001379,0,US01,BLDG,BLDG Asset 1379,26-09-2022,
A0001380,0,DE01,BLDG,BLDG Asset 1380,09-05-2022,
A0001381,0,IN01,MACH,MACH Asset 1381,01-01-2022,
A0001382,0,IN01,VEH,VEH Asset 1382,04-03-2022,
A0001383,0,DE01,BLDG,BLDG Asset 1383,01-01-2022,
A0001384,0,US01,BLDG,BLDG Asset 1384,22-02-2023,
A0001385,0,DE01,VEH,VEH Asset 1385,15-03-2023,
A0001386,0,IN01,COMP,COMP Asset 1386,01-01-2022,
A0001387,0,US01,BLDG,BLDG Asset 1387,02-02-2023,
A0001388,0,US01,MACH,MACH Asset 1388,01-01-2022,
A0001389,0,DE01,VEH,VEH Asset 1389,01-01-2022,
A0001390,0,US01,COMP,COMP Asset 1390,01-01-2022,
A0001391,0,US01,BLDG,BLDG Asset 1391,01-01-2022,
A0001392,0,IN01,VEH,VEH Asset 1392,30-03-2022,
A0001393,0,IN01,MACH,MACH Asset 1393,01-01-2022,
A0001394,0,DE01,BLDG,BLDG Asset 1394,26-10-2022,
A0001395,0,DE01,VEH,VEH Asset 1395,05-07-2022,
A0001396,0,IN01,VEH,VEH Asset 1396,15-01-2023,
A0001397,0,IN01,VEH,VEH Asset 1397,09-07-2022,08-12-2023
A0001398,0,US01,VEH,VEH Asset 1398,12-03-2023,
A0001399,0,DE01,BLDG,BLDG Asset 1399,21-05-2022,
A0001400,0,DE01,COMP,COMP Asset 1400,01-01-2022,
A0001401,0,IN01,MACH,MACH Asset 1401,31-05-2022,
A0001402,0,DE01,BLDG,BLDG Asset 1402,22-09-2022,
A0001403,0,US01,VEH,VEH Asset 1403,08-06-2022,
A0001404,0,US01,VEH,VEH Asset 1404,28-06-2022,
A0001405,0,IN01,COMP,COMP Asset 1405,01-01-2022,
A0001406,0,US01,VEH,VEH Asset 1406,01-01-2022,
A0001407,0,DE01,VEH,VEH Asset 1407,15-10-2022,
A0001408,0,DE01,MACH,MACH Asset 1408,28-12-2022,
A0001409,0,US01,VEH,VEH Asset 1409,31-01-2022,
A0001410,0,IN01,VEH,VEH Asset 1410,08-12-2022,
A0001411,0,IN01,VEH,VEH Asset 1411,08-03-2023,
A0001412,0,DE01,BLDG,BLDG Asset 1412,01-04-2022,
A0001413,0,US01,VEH,VEH Asset 1413,01-01-2022,
A0001414,0,DE01,VEH,VEH Asset 1414,23-03-2023,
A0001415,0,US01,COMP,COMP Asset 1415,30-04-2022,
A0001416,0,DE01,BLDG,BLDG Asset 1416,01-01-2022,
A0001417,0,US01,COMP,COMP Asset 1417,01-01-2022,
A0001418,0,US01,VEH,VEH Asset 1418,01-01-2022,
A0001419,0,US01,MACH,MACH Asset 1419,01-01-2022,
A0001420,0,DE01,MACH,MACH Asset 1420,01-01-2022,
A0001421,0,DE01,MACH,MACH Asset 1421,01-01-2022,
A0001422,0,DE01,MACH,MACH Asset 1422,01-01-2022,
A0001423,0,US01,BLDG,BLDG Asset 1423,31-07-2022,
A0001424,0,IN01,BLDG,BLDG Asset 1424,01-01-2022,
A0001425,0,IN01,BLDG,BLDG Asset 1425,01-01-2022,
A0001426,0,US01,COMP,COMP Asset 1426,26-03-2023,
A0001427,0,IN01,MACH,MACH Asset 1427,22-08-2022,
A0001428,0,DE01,BLDG,BLDG Asset 1428,09-03-2022,
A0001429,0,IN01,COMP,COMP Asset 1429,07-09-2022,
A0001430,0,IN01,COMP,COMP Asset 1430,01-01-2022,
A0001431,0,US01,BLDG,BLDG Asset 1431,06-05-2022,
A0001432,0,IN01,COMP,COMP Asset 1432,01-01-2022,
A0001433,0,US01,COMP,COMP Asset 1433,03-06-2022,
A0001434,0,IN01,MACH,MACH Asset 1434,10-03-2023,
A0001435,0,IN01,COMP,COMP Asset 1435,31-01-2023,
A0001436,0,IN01,MACH,MACH Asset 1436,01-01-2022,
A0001437,0,DE01,BLDG,BLDG Asset 1437,01-01-2022,
A0001438,0,US01,COMP,COMP Asset 1438,27-04-2022,
A0001439,0,IN01,BLDG,BLDG Asset 1439,01-01-2022,
A0001440,0,IN01,MACH,MACH Asset 1440,25-03-2023,16-01-2024
A0001441,0,US01,COMP,COMP Asset 1441,24-11-2022,
A0001442,0,US01,VEH,VEH Asset 1442,21-08-2022,
A0001443,0,IN01,BLDG,BLDG Asset 1443,01-01-2022,
A0001444,0,IN01,COMP,COMP Asset 1444,27-02-2023,
A0001445,0,IN01,VEH,VEH Asset 1445,11-09-2022,
A0001446,0,IN01,VEH,VEH Asset 1446,24-04-2022,31-12-2023
A0001447,0,IN01,BLDG,BLDG Asset 1447,24-02-2022,
A0001448,0,US01,MACH,MACH Asset 1448,01-01-2022,
A0001449,0,IN01,COMP,COMP Asset 1449,08-06-2022,
A0001450,0,IN01,VEH,VEH Asset 1450,21-04-2022,
A0001451,0,DE01,MACH,MACH Asset 1451,01-01-2022,
A0001452,0,IN01,VEH,VEH Asset 1452,17-08-2022,
A0001453,0,DE01,COMP,COMP Asset 1453,21-03-2022,
A0001454,0,US01,BLDG,BLDG Asset 1454,20-12-2022,
A0001455,0,IN01,VEH,VEH Asset 1455,01-01-2022,
A0001456,0,IN01,BLDG,BLDG Asset 1456,01-01-2022,
A0001457,0,US01,MACH,MACH Asset 1457,01-03-2022,
A0001458,0,US01,VEH,VEH Asset 1458,08-04-2022,
A0001459,0,IN01,MACH,MACH Asset 1459,03-10-2022,
A0001460,0,IN01,BLDG,BLDG Asset 1460,14-05-2022,
A0001461,0,DE01,COMP,COMP Asset 1461,01-01-2022,
A0001462,0,US01,VEH,VEH Asset 1462,02-11-2022,
A0001463,0,IN01,BLDG,BLDG Asset 1463,01-01-2022,
A0001464,0,DE01,VEH,VEH Asset 1464,01-01-2022,
A0001465,0,DE01,COMP,COMP Asset 1465,14-09-2022,
A0001466,0,DE01,COMP,COMP Asset 1466,24-02-2022,
A0001467,0,DE01,BLDG,BLDG Asset 1467,01-01-2022,
A0001468,0,IN01,COMP,COMP Asset 1468,06-10-2022,
A0001469,0,US01,MACH,MACH Asset 1469,01-01-2022,
A0001470,0,US01,COMP,COMP Asset 1470,06-08-2022,
A0001471,0,DE01,VEH,VEH Asset 1471,30-03-2022,
A0001472,0,US01,VEH,VEH Asset 1472,15-02-2023,
A0001473,0,DE01,MACH,MACH Asset 1473,18-01-2023,
A0001474,0,IN01,MACH,MACH Asset 1474,01-09-2022,
A0001475,0,IN01,BLDG,BLDG Asset 1475,23-05-2022,20-09-2023
A0001476,0,US01,COMP,COMP Asset 1476,01-01-2022,
A0001477,0,US01,MACH,MACH Asset 1477,12-03-2022,
A0001478,0,DE01,COMP,COMP Asset 1478,17-03-2022,
A0001479,0,DE01,COMP,COMP Asset 1479,01-09-2022,
A0001480,0,IN01,BLDG,BLDG Asset 1480,07-02-2023,
A0001481,0,DE01,VEH,VEH Asset 1481,01-01-2022,
A0001482,0,DE01,VEH,VEH Asset 1482,01-01-2022,
A0001483,0,DE01,VEH,VEH Asset 1483,04-08-2022,
A0001484,0,IN01,VEH,VEH Asset 1484,07-10-2022,
A0001485,0,DE01,COMP,COMP Asset 1485,01-01-2022,
A0001486,0,DE01,COMP,COMP Asset 1486,01-01-2022,
A0001487,0,US01,BLDG,BLDG Asset 1487,03-08-2022,
A0001488,0,DE01,VEH,VEH Asset 1488,05-02-2022,
A0001489,0,IN01,MACH,MACH Asset 1489,17-07-2022,
A0001490,0,IN01,COMP,COMP Asset 1490,27-06-2022,
A0001491,0,DE01,COMP,COMP Asset 1491,30-07-2022,
A0001492,0,US01,MACH,MACH Asset 1492,01-01-2022,
A0001493,0,IN01,COMP,COMP Asset 1493,28-03-2022,
A0001494,0,DE01,VEH,VEH Asset 1494,19-04-2022,
A0001495,0,IN01,MACH,MACH Asset 1495,29-07-2022,
A0001496,0,IN01,MACH,MACH Asset 1496,25-06-2022,
A0001497,0,US01,COMP,COMP Asset 1497,01-01-2022,
A0001498,0,IN01,COMP,COMP Asset 1498,01-01-2022,
A0001499,0,US01,COMP,COMP Asset 1499,01-02-2022,16-11-2023
A0001500,0,US01,BLDG,BLDG Asset 1500,01-01-2022,
A0001501,0,DE01,COMP,COMP Asset 1501,01-01-2022,
A0001502,0,IN01,MACH,MACH Asset 1502,09-01-2023,
A0001503,0,US01,VEH,VEH Asset 1503,15-01-2022,04-05-2023
A0001504,0,US01,BLDG,BLDG Asset 1504,18-04-2022,
A0001505,0,DE01,BLDG,BLDG Asset 1505,04-06-2022,
A0001506,0,IN01,VEH,VEH Asset 1506,01-01-2022,
A0001507,0,US01,MACH,MACH Asset 1507,01-01-2022,
A0001508,0,IN01,COMP,COMP Asset 1508,03-02-2022,
A0001509,0,US01,COMP,COMP Asset 1509,10-08-2022,
A0001510,0,DE01,VEH,VEH Asset 1510,16-11-2022,
A0001511,0,IN01,COMP,COMP Asset 1511,03-01-2023,27-11-2023
A0001512,0,IN01,COMP,COMP Asset 1512,15-04-2022,
A0001513,0,US01,COMP,COMP Asset 1513,11-11-2022,
A0001514,0,US01,BLDG,BLDG Asset 1514,06-01-2022,
A0001515,0,DE01,BLDG,BLDG Asset 1515,25-09-2022,
A0001516,0,US01,COMP,COMP Asset 1516,22-12-2022,
A0001517,0,US01,BLDG,BLDG Asset 1517,01-01-2022,
A0001518,0,DE01,BLDG,BLDG Asset 1518,01-01-2022,
A0001519,0,US01,VEH,VEH Asset 1519,01-01-2022,
A0001520,0,IN01,BLDG,BLDG Asset 1520,01-01-2022,
A0001521,0,IN01,BLDG,BLDG Asset 1521,20-03-2023,
A0001522,0,DE01,BLDG,BLDG Asset 1522,01-01-2022,
A0001523,0,DE01,COMP,COMP Asset 1523,05-03-2022,
A0001524,0,US01,BLDG,BLDG Asset 1524,15-02-2022,
A0001525,0,US01,VEH,VEH Asset 1525,21-01-2023,
A0001526,0,IN01,COMP,COMP Asset 1526,23-11-2022,
A0001527,0,IN01,COMP,COMP Asset 1527,01-01-2022,
A0001528,0,US01,BLDG,BLDG Asset 1528,27-04-2022,
A0001529,0,IN01,COMP,COMP Asset 1529,20-01-2022,
A0001530,0,DE01,MACH,MACH Asset 1530,08-05-2022,
A0001531,0,US01,MACH,MACH Asset 1531,03-01-2023,
A0001532,0,DE01,COMP,COMP Asset 1532,01-01-2022,
A0001533,0,IN01,MACH,MACH Asset 1533,01-01-2022,
A0001534,0,DE01,COMP,COMP Asset 1534,04-03-2023,
A0001535,0,DE01,MACH,MACH Asset 1535,01-01-2022,
A0001536,0,DE01,COMP,COMP Asset 1536,01-01-2022,
A0001537,0,US01,MACH,MACH Asset 1537,27-11-2022,
A0001538,0,US01,BLDG,BLDG Asset 1538,17-01-2023,
A0001539,0,DE01,BLDG,BLDG Asset 1539,01-01-2022,
A0001540,0,IN01,VEH,VEH Asset 1540,03-06-2022,
A0001541,0,US01,MACH,MACH Asset 1541,01-01-2022,
A0001542,0,DE01,BLDG,BLDG Asset 1542,01-01-2022,
A0001543,0,US01,COMP,COMP Asset 1543,31-08-2022,05-12-2023
A0001544,0,IN01,VEH,VEH Asset 1544,03-04-2022,
A0001545,0,DE01,VEH,VEH Asset 1545,20-01-2023,
A0001546,0,US01,COMP,COMP Asset 1546,08-05-2022,
A0001547,0,IN01,BLDG,BLDG Asset 1547,01-01-2022,
A0001548,0,IN01,COMP,COMP Asset 1548,01-01-2022,
A0001549,0,US01,MACH,MACH Asset 1549,17-02-2022,
A0001550,0,IN01,VEH,VEH Asset 1550,15-03-2023,
A0001551,0,DE01,VEH,VEH Asset 1551,26-02-2023,
A0001552,0,US01,COMP,COMP Asset 1552,31-10-2022,
A0001553,0,US01,BLDG,BLDG Asset 1553,01-01-2022,
A0001554,0,IN01,VEH,VEH Asset 1554,16-01-2022,
A0001555,0,DE01,BLDG,BLDG Asset 1555,05-05-2022,
A0001556,0,US01,BLDG,BLDG Asset 1556,01-01-2022,
A0001557,0,DE01,VEH,VEH Asset 1557,01-01-2022,
A0001558,0,DE01,MACH,MACH Asset 1558,08-01-2022,
A0001559,0,IN01,MACH,MACH Asset 1559,10-05-2022,
A0001560,0,US01,VEH,VEH Asset 1560,24-01-2022,
A0001561,0,IN01,MACH,MACH Asset 1561,05-08-2022,
A0001562,0,US01,COMP,COMP Asset 1562,19-03-2023,
A0001563,0,IN01,VEH,VEH Asset 1563,13-09-2022,
A0001564,0,IN01,BLDG,BLDG Asset 1564,15-07-2022,
A0001565,0,US01,COMP,COMP Asset 1565,02-03-2022,
A0001566,0,US01,COMP,COMP Asset 1566,01-01-2022,
A0001567,0,IN01,COMP,COMP Asset 1567,01-01-2022,
A0001568,0,US01,MACH,MACH Asset 1568,30-05-2022,
A0001569,0,US01,COMP,COMP Asset 1569,10-06-2022,
A0001570,0,DE01,BLDG,BLDG Asset 1570,12-12-2022,
A0001571,0,IN01,MACH,MACH Asset 1571,01-01-2022,
A0001572,0,DE01,BLDG,BLDG Asset 1572,05-02-2023,
A0001573,0,US01,MACH,MACH Asset 1573,23-08-2022,
A0001574,0,US01,COMP,COMP Asset 1574,15-01-2022,
A0001575,0,US01,COMP,COMP Asset 1575,01-01-2022,
A0001576,0,IN01,BLDG,BLDG Asset 1576,18-10-2022,
A0001577,0,IN01,BLDG,BLDG Asset 1577,01-01-2022,
A0001578,0,IN01,BLDG,BLDG Asset 1578,16-04-2022,
A0001579,0,US01,VEH,VEH Asset 1579,28-12-2022,
A0001580,0,US01,BLDG,BLDG Asset 1580,01-01-2022,
A0001581,0,IN01,MACH,MACH Asset 1581,24-02-2022,
A0001582,0,IN01,BLDG,BLDG Asset 1582,01-01-2022,
A0001583,0,US01,MACH,MACH Asset 1583,18-05-2022,
A0001584,0,US01,VEH,VEH Asset 1584,22-02-2022,
A0001585,0,US01,MACH,MACH Asset 1585,01-01-2022,
A0001586,0,DE01,BLDG,BLDG Asset 1586,06-12-2022,
A0001587,0,DE01,COMP,COMP Asset 1587,01-01-2022,
A0001588,0,IN01,COMP,COMP Asset 1588,01-01-2022,
A0001589,0,US01,MACH,MACH Asset 1589,01-12-2022,
A0001590,0,DE01,VEH,VEH Asset 1590,11-07-2022,
A0001591,0,DE01,BLDG,BLDG Asset 1591,01-01-2022,
A0001592,0,US01,MACH,MACH Asset 1592,01-01-2022,
A0001593,0,IN01,COMP,COMP Asset 1593,21-02-2023,
A0001594,0,US01,MACH,MACH Asset 1594,18-03-2023,
A0001595,0,US01,COMP,COMP Asset 1595,10-05-2022,
A0001596,0,DE01,BLDG,BLDG Asset 1596,29-12-2022,
A0001597,0,DE01,BLDG,BLDG Asset 1597,01-01-2022,
A0001598,0,DE01,BLDG,BLDG Asset 1598,25-12-2022,
A0001599,0,DE01,VEH,VEH Asset 1599,01-01-2022,
A0001600,0,IN01,BLDG,BLDG Asset 1600,26-04-2022,
A0001601,0,IN01,COMP,COMP Asset 1601,01-01-2022,
A0001602,0,US01,COMP,COMP Asset 1602,01-01-2022,
A0001603,0,DE01,BLDG,BLDG Asset 1603,09-12-2022,
A0001604,0,US01,COMP,COMP Asset 1604,01-01-2022,
A0001605,0,US01,BLDG,BLDG Asset 1605,01-01-2022,
A0001606,0,IN01,MACH,MACH Asset 1606,01-01-2022,
A0001607,0,IN01,VEH,VEH Asset 1607,05-01-2023,
A0001608,0,IN01,BLDG,BLDG Asset 1608,22-04-2022,
A0001609,0,IN01,VEH,VEH Asset 1609,01-01-2022,
A0001610,0,US01,COMP,COMP Asset 1610,01-01-2022,
A0001611,0,IN01,VEH,VEH Asset 1611,21-02-2022,
A0001612,0,US01,MACH,MACH Asset 1612,13-08-2022,
A0001613,0,DE01,BLDG,BLDG Asset 1613,01-01-2022,
A0001614,0,IN01,BLDG,BLDG Asset 1614,02-03-2022,
A0001615,0,US01,COMP,COMP Asset 1615,10-08-2022,
A0001616,0,US01,MACH,MACH Asset 1616,01-01-2022,
A0001617,0,IN01,VEH,VEH Asset 1617,13-10-2022,
A0001618,0,US01,MACH,MACH Asset 1618,01-01-2022,
A0001619,0,US01,VEH,VEH Asset 1619,01-01-2022,
A0001620,0,DE01,COMP,COMP Asset 1620,01-01-2022,
A0001621,0,US01,MACH,MACH Asset 1621,01-01-2022,
A0001622,0,DE01,MACH,MACH Asset 1622,01-01-2022,
A0001623,0,IN01,BLDG,BLDG Asset 1623,01-01-2022,
A0001624,0,IN01,BLDG,BLDG Asset 1624,01-01-2022,
A0001625,0,US01,MACH,MACH Asset 1625,11-03-2023,
A0001626,0,IN01,MACH,MACH Asset 1626,01-01-2022,
A0001627,0,DE01,BLDG,BLDG Asset 1627,05-03-2023,
A0001628,0,IN01,VEH,VEH Asset 1628,13-01-2022,
A0001629,0,IN01,VEH,VEH Asset 1629,07-11-2022,
A0001630,0,US01,VEH,VEH Asset 1630,01-01-2022,
A0001631,0,IN01,COMP,COMP Asset 1631,06-07-2022,
A0001632,0,US01,COMP,COMP Asset 1632,01-01-2022,
A0001633,0,IN01,VEH,VEH Asset 1633,01-01-2022,
A0001634,0,DE01,COMP,COMP Asset 1634,01-01-2022,08-01-2024
A0001635,0,IN01,MACH,MACH Asset 1635,04-03-2023,
A0001636,0,IN01,COMP,COMP Asset 1636,01-01-2022,
A0001637,0,IN01,MACH,MACH Asset 1637,24-01-2023,
A0001638,0,US01,COMP,COMP Asset 1638,20-03-2022,
A0001639,0,IN01,COMP,COMP Asset 1639,13-02-2022,
A0001640,0,DE01,MACH,MACH Asset 1640,01-01-2022,
A0001641,0,US01,MACH,MACH Asset 1641,01-01-2022,
A0001642,0,US01,COMP,COMP Asset 1642,18-03-2023,
A0001643,0,US01,BLDG,BLDG Asset 1643,26-09-2022,
A0001644,0,IN01,COMP,COMP Asset 1644,01-01-2022,
A0001645,0,IN01,COMP,COMP Asset 1645,01-01-2022,
A0001646,0,DE01,COMP,COMP Asset 1646,27-04-2022,17-09-2023
A0001647,0,US01,VEH,VEH Asset 1647,01-01-2022,
A0001648,0,IN01,VEH,VEH Asset 1648,04-12-2022,
A0001649,0,US01,COMP,COMP Asset 1649,01-01-2022,
A0001650,0,IN01,MACH,MACH Asset 1650,01-01-2022,
A0001651,0,DE01,BLDG,BLDG Asset 1651,10-11-2022,
A0001652,0,US01,BLDG,BLDG Asset 1652,24-04-2022,
A0001653,0,US01,VEH,VEH Asset 1653,22-05-2022,
A0001654,0,IN01,VEH,VEH Asset 1654,01-07-2022,
A0001655,0,DE01,VEH,VEH Asset 1655,03-11-2022,
A0001656,0,IN01,BLDG,BLDG Asset 1656,20-04-2022,23-01-2024
A0001657,0,US01,VEH,VEH Asset 1657,06-08-2022,
A0001658,0,DE01,COMP,COMP Asset 1658,01-01-2022,
A0001659,0,IN01,COMP,COMP Asset 1659,01-01-2022,
A0001660,0,IN01,MACH,MACH Asset 1660,23-12-2022,21-08-2023
A0001661,0,US01,COMP,COMP Asset 1661,01-01-2022,
A0001662,0,DE01,MACH,MACH Asset 1662,22-12-2022,
A0001663,0,DE01,MACH,MACH Asset 1663,01-01-2022,
A0001664,0,US01,BLDG,BLDG Asset 1664,01-09-2022,
A0001665,0,DE01,VEH,VEH Asset 1665,18-01-2022,
A0001666,0,IN01,COMP,COMP Asset 1666,10-09-2022,
A0001667,0,DE01,COMP,COMP Asset 1667,22-09-2022,
A0001668,0,DE01,MACH,MACH Asset 1668,11-02-2022,
A0001669,0,US01,BLDG,BLDG Asset 1669,01-01-2022,
A0001670,0,DE01,MACH,MACH Asset 1670,06-03-2023,
A0001671,0,US01,VEH,VEH Asset 1671,29-05-2022,
A0001672,0,US01,VEH,VEH Asset 1672,01-01-2022,
A0001673,0,DE01,BLDG,BLDG Asset 1673,10-11-2022,
A0001674,0,IN01,COMP,COMP Asset 1674,23-01-2023,
A0001675,0,DE01,VEH,VEH Asset 1675,01-01-2022,
A0001676,0,US01,BLDG,BLDG Asset 1676,01-01-2022,
A0001677,0,US01,BLDG,BLDG Asset 1677,01-01-2022,
A0001678,0,DE01,BLDG,BLDG Asset 1678,01-01-2022,
A0001679,0,US01,MACH,MACH Asset 1679,09-01-2022,
A0001680,0,US01,VEH,VEH Asset 1680,03-06-2022,
A0001681,0,US01,COMP,COMP Asset 1681,21-01-2023,
A0001682,0,US01,COMP,COMP Asset 1682,15-04-2022,
A0001683,0,DE01,COMP,COMP Asset 1683,01-01-2022,
A0001684,0,IN01,MACH,MACH Asset 1684,08-10-2022,
A0001685,0,DE01,BLDG,BLDG Asset 1685,01-01-2022,
A0001686,0,US01,VEH,VEH Asset 1686,14-12-2022,
A0001687,0,DE01,BLDG,BLDG Asset 1687,01-01-2022,
A0001688,0,IN01,VEH,VEH Asset 1688,01-01-2022,
A0001689,0,IN01,BLDG,BLDG Asset 1689,01-12-2022,
A0001690,0,US01,VEH,VEH Asset 1690,03-07-2022,
A0001691,0,IN01,MACH,MACH Asset 1691,01-01-2022,
A0001692,0,US01,BLDG,BLDG Asset 1692,13-02-2022,
A0001693,0,IN01,MACH,MACH Asset 1693,04-11-2022,
A0001694,0,DE01,COMP,COMP Asset 1694,26-11-2022,
A0001695,0,IN01,BLDG,BLDG Asset 1695,01-01-2022,
A0001696,0,US01,BLDG,BLDG Asset 1696,14-08-2022,
A0001697,0,US01,VEH,VEH Asset 1697,01-05-2022,
A0001698,0,DE01,MACH,MACH Asset 1698,01-01-2022,
A0001699,0,US01,COMP,COMP Asset 1699,31-05-2022,
A0001700,0,US01,MACH,MACH Asset 1700,28-06-2022,
A0001701,0,DE01,COMP,COMP Asset 1701,01-01-2022,
A0001702,0,US01,VEH,VEH Asset 1702,01-12-2022,
A0001703,0,US01,VEH,VEH Asset 1703,18-11-2022,
A0001704,0,DE01,COMP,COMP Asset 1704,01-09-2022,
A0001705,0,IN01,COMP,COMP Asset 1705,01-01-2022,
A0001706,0,US01,BLDG,BLDG Asset 1706,20-12-2022,
A0001707,0,DE01,VEH,VEH Asset 1707,16-04-2022,
A0001708,0,IN01,BLDG,BLDG Asset 1708,24-01-2023,
A0001709,0,US01,VEH,VEH Asset 1709,01-01-2022,15-10-2023
A0001710,0,IN01,BLDG,BLDG Asset 1710,01-01-2022,
A0001711,0,US01,VEH,VEH Asset 1711,01-01-2022,
A0001712,0,US01,BLDG,BLDG Asset 1712,07-03-2022,
A0001713,0,US01,VEH,VEH Asset 1713,01-01-2022,
A0001714,0,IN01,BLDG,BLDG Asset 1714,23-03-2023,
A0001715,0,IN01,VEH,VEH Asset 1715,01-01-2022,
A0001716,0,US01,MACH,MACH Asset 1716,06-08-2022,
A0001717,0,US01,BLDG,BLDG Asset 1717,20-08-2022,
A0001718,0,DE01,BLDG,BLDG Asset 1718,02-07-2022,
A0001719,0,DE01,MACH,MACH Asset 1719,10-09-2022,
A0001720,0,US01,VEH,VEH Asset 1720,01-01-2022,
A0001721,0,DE01,VEH,VEH Asset 1721,08-11-2022,
A0001722,0,IN01,BLDG,BLDG Asset 1722,20-07-2022,
A0001723,0,US01,BLDG,BLDG Asset 1723,01-01-2022,
A0001724,0,IN01,VEH,VEH Asset 1724,01-01-2022,
A0001725,0,DE01,BLDG,BLDG Asset 1725,30-12-2022,
A0001726,0,US01,VEH,VEH Asset 1726,01-01-2022,01-12-2023
A0001727,0,US01,VEH,VEH Asset 1727,19-08-2022,
A0001728,0,IN01,MACH,MACH Asset 1728,25-01-2023,
A0001729,0,US01,BLDG,BLDG Asset 1729,01-01-2022,
A0001730,0,US01,BLDG,BLDG Asset 1730,01-01-2022,
A0001731,0,IN01,MACH,MACH Asset 1731,21-01-2023,
A0001732,0,US01,COMP,COMP Asset 1732,09-12-2022,
A0001733,0,IN01,MACH,MACH Asset 1733,27-02-2023,
A0001734,0,DE01,VEH,VEH Asset 1734,01-01-2022,
A0001735,0,US01,COMP,COMP Asset 1735,01-01-2022,
A0001736,0,DE01,VEH,VEH Asset 1736,01-01-2022,
A0001737,0,US01,MACH,MACH Asset 1737,24-02-2022,
A0001738,0,IN01,MACH,MACH Asset 1738,18-02-2022,
A0001739,0,DE01,BLDG,BLDG Asset 1739,01-06-2022,
A0001740,0,DE01,COMP,COMP Asset 1740,07-01-2022,
A0001741,0,DE01,COMP,COMP Asset 1741,01-01-2022,
A0001742,0,IN01,MACH,MACH Asset 1742,01-01-2022,
A0001743,0,US01,COMP,COMP Asset 1743,27-01-2022,
A0001744,0,DE01,COMP,COMP Asset 1744,12-09-2022,
A0001745,0,DE01,BLDG,BLDG Asset 1745,20-08-2022,
A0001746,0,IN01,MACH,MACH Asset 1746,19-05-2022,
A0001747,0,DE01,MACH,MACH Asset 1747,01-01-2022,
A0001748,0,US01,MACH,MACH Asset 1748,25-07-2022,
A0001749,0,DE01,BLDG,BLDG Asset 1749,01-01-2022,07-07-2023
A0001750,0,IN01,BLDG,BLDG Asset 1750,01-01-2022,
A0001751,0,US01,BLDG,BLDG Asset 1751,27-03-2023,
A0001752,0,US01,VEH,VEH Asset 1752,29-05-2022,
A0001753,0,US01,BLDG,BLDG Asset 1753,01-01-2022,
A0001754,0,DE01,MACH,MACH Asset 1754,13-08-2022,
A0001755,0,IN01,VEH,VEH Asset 1755,01-01-2022,
A0001756,0,DE01,MACH,MACH Asset 1756,22-04-2022,
A0001757,0,US01,BLDG,BLDG Asset 1757,01-01-2022,
A0001758,0,DE01,BLDG,BLDG Asset 1758,01-01-2022,
A0001759,0,IN01,BLDG,BLDG Asset 1759,03-11-2022,
A0001760,0,IN01,VEH,VEH Asset 1760,02-12-2022,
A0001761,0,US01,BLDG,BLDG Asset 1761,30-07-2022,
A0001762,0,US01,MACH,MACH Asset 1762,10-06-2022,
A0001763,0,IN01,VEH,VEH Asset 1763,01-01-2022,
A0001764,0,US01,MACH,MACH Asset 1764,10-04-2022,
A0001765,0,US01,BLDG,BLDG Asset 1765,07-06-2022,
A0001766,0,DE01,COMP,COMP Asset 1766,10-03-2023,
A0001767,0,DE01,VEH,VEH Asset 1767,26-04-2022,
A0001768,0,IN01,COMP,COMP Asset 1768,01-01-2022,
A0001769,0,US01,VEH,VEH Asset 1769,12-11-2022,
A0001770,0,IN01,VEH,VEH Asset 1770,14-12-2022,
A0001771,0,IN01,BLDG,BLDG Asset 1771,07-11-2022,
A0001772,0,DE01,BLDG,BLDG Asset 1772,06-01-2023,
A0001773,0,IN01,COMP,COMP Asset 1773,03-06-2022,
A0001774,0,DE01,VEH,VEH Asset 1774,26-08-2022,
A0001775,0,IN01,VEH,VEH Asset 1775,14-01-2023,
A0001776,0,IN01,BLDG,BLDG Asset 1776,01-01-2022,
A0001777,0,IN01,MACH,MACH Asset 1777,11-06-2022,
A0001778,0,IN01,COMP,COMP Asset 1778,31-07-2022,
A0001779,0,US01,MACH,MACH Asset 1779,01-01-2022,
A0001780,0,US01,MACH,MACH Asset 1780,31-12-2022,
A0001781,0,DE01,BLDG,BLDG Asset 1781,01-01-2022,
A0001782,0,DE01,VEH,VEH Asset 1782,27-04-2022,
A0001783,0,IN01,VEH,VEH Asset 1783,01-01-2022,
A0001784,0,DE01,BLDG,BLDG Asset 1784,01-01-2022,
A0001785,0,US01,VEH,VEH Asset 1785,01-01-2022,
A0001786,0,US01,BLDG,BLDG Asset 1786,01-01-2022,
A0001787,0,DE01,BLDG,BLDG Asset 1787,18-02-2022,
A0001788,0,US01,MACH,MACH Asset 1788,29-03-2022,
A0001789,0,DE01,BLDG,BLDG Asset 1789,06-02-2023,
A0001790,0,US01,BLDG,BLDG Asset 1790,20-04-2022,
A0001791,0,DE01,VEH,VEH Asset 1791,18-07-2022,
A0001792,0,DE01,VEH,VEH Asset 1792,22-12-2022,
A0001793,0,US01,COMP,COMP Asset 1793,23-03-2023,
A0001794,0,IN01,VEH,VEH Asset 1794,01-01-2022,
A0001795,0,US01,COMP,COMP Asset 1795,23-09-2022,
A0001796,0,DE01,MACH,MACH Asset 1796,01-01-2022,
A0001797,0,DE01,BLDG,BLDG Asset 1797,27-05-2022,
A0001798,0,DE01,COMP,COMP Asset 1798,19-06-2022,06-10-2023
A0001799,0,US01,VEH,VEH Asset 1799,01-01-2022,
A0001800,0,DE01,VEH,VEH Asset 1800,01-01-2022,
A0001801,0,IN01,MACH,MACH Asset 1801,20-09-2022,
A0001802,0,IN01,BLDG,BLDG Asset 1802,19-04-2022,
A0001803,0,US01,BLDG,BLDG Asset 1803,01-01-2022,19-01-2024
A0001804,0,DE01,COMP,COMP Asset 1804,01-01-2022,
A0001805,0,IN01,MACH,MACH Asset 1805,01-01-2022,
A0001806,0,IN01,VEH,VEH Asset 1806,01-01-2022,
A0001807,0,DE01,VEH,VEH Asset 1807,01-01-2022,
A0001808,0,IN01,COMP,COMP Asset 1808,12-03-2022,
A0001809,0,DE01,COMP,COMP Asset 1809,29-01-2022,
A0001810,0,DE01,MACH,MACH Asset 1810,01-01-2022,
A0001811,0,US01,MACH,MACH Asset 1811,18-02-2022,
A0001812,0,IN01,VEH,VEH Asset 1812,10-04-2022,
A0001813,0,US01,BLDG,BLDG Asset 1813,01-01-2022,21-12-2023
A0001814,0,IN01,VEH,VEH Asset 1814,10-01-2023,
A0001815,0,US01,COMP,COMP Asset 1815,01-01-2022,
A0001816,0,DE01,COMP,COMP Asset 1816,29-11-2022,
A0001817,0,US01,COMP,COMP Asset 1817,02-02-2023,23-09-2023
A0001818,0,DE01,BLDG,BLDG Asset 1818,03-10-2022,
A0001819,0,IN01,MACH,MACH Asset 1819,01-01-2022,
A0001820,0,DE01,MACH,MACH Asset 1820,29-01-2023,
A0001821,0,DE01,COMP,COMP Asset 1821,01-01-2022,
A0001822,0,IN01,COMP,COMP Asset 1822,12-02-2022,
A0001823,0,IN01,VEH,VEH Asset 1823,04-08-2022,
A0001824,0,IN01,COMP,COMP Asset 1824,01-01-2022,
A0001825,0,DE01,BLDG,BLDG Asset 1825,05-12-2022,
A0001826,0,DE01,VEH,VEH Asset 1826,01-01-2022,28-02-2024
A0001827,0,US01,COMP,COMP Asset 1827,24-03-2022,
A0001828,0,DE01,COMP,COMP Asset 1828,01-01-2022,
A0001829,0,DE01,MACH,MACH Asset 1829,03-04-2022,
A0001830,0,IN01,BLDG,BLDG Asset 1830,15-11-2022,
A0001831,0,IN01,COMP,COMP Asset 1831,30-07-2022,
A0001832,0,DE01,BLDG,BLDG Asset 1832,02-08-2022,
A0001833,0,DE01,MACH,MACH Asset 1833,11-02-2022,
A0001834,0,US01,VEH,VEH Asset 1834,01-01-2022,
A0001835,0,US01,MACH,MACH Asset 1835,15-02-2022,
A0001836,0,IN01,COMP,COMP Asset 1836,28-02-2022,
A0001837,0,IN01,VEH,VEH Asset 1837,26-12-2022,
A0001838,0,DE01,VEH,VEH Asset 1838,06-05-2022,
A0001839,0,IN01,VEH,VEH Asset 1839,29-03-2023,
A0001840,0,DE01,MACH,MACH Asset 1840,18-10-2022,
A0001841,0,IN01,MACH,MACH Asset 1841,17-01-2022,04-05-2023
A0001842,0,US01,VEH,VEH Asset 1842,29-11-2022,
A0001843,0,DE01,BLDG,BLDG Asset 1843,27-01-2023,
A0001844,0,IN01,VEH,VEH Asset 1844,01-01-2022,
A0001845,0,IN01,MACH,MACH Asset 1845,27-01-2022,
A0001846,0,DE01,VEH,VEH Asset 1846,13-08-2022,
A0001847,0,US01,COMP,COMP Asset 1847,13-02-2023,
A0001848,0,DE01,BLDG,BLDG Asset 1848,01-01-2022,
A0001849,0,IN01,BLDG,BLDG Asset 1849,10-04-2022,
A0001850,0,IN01,VEH,VEH Asset 1850,29-03-2023,
A0001851,0,US01,BLDG,BLDG Asset 1851,01-01-2022,
A0001852,0,DE01,COMP,COMP Asset 1852,01-01-2022,
A0001853,0,IN01,MACH,MACH Asset 1853,23-02-2022,
A0001854,0,DE01,BLDG,BLDG Asset 1854,01-01-2022,
A0001855,0,DE01,MACH,MACH Asset 1855,01-01-2022,
A0001856,0,DE01,BLDG,BLDG Asset 1856,01-01-2022,
A0001857,0,DE01,VEH,VEH Asset 1857,22-03-2022,
A0001858,0,IN01,MACH,MACH Asset 1858,18-02-2023,
A0001859,0,US01,COMP,COMP Asset 1859,03-11-2022,
A0001860,0,US01,COMP,COMP Asset 1860,24-11-2022,
A0001861,0,IN01,VEH,VEH Asset 1861,17-05-2022,
A0001862,0,IN01,BLDG,BLDG Asset 1862,17-01-2023,
A0001863,0,IN01,VEH,VEH Asset 1863,01-01-2022,
A0001864,0,US01,MACH,MACH Asset 1864,01-01-2022,
A0001865,0,US01,VEH,VEH Asset 1865,19-01-2022,
A0001866,0,DE01,VEH,VEH Asset 1866,10-08-2022,
A0001867,0,DE01,COMP,COMP Asset 1867,01-01-2022,
A0001868,0,US01,BLDG,BLDG Asset 1868,11-07-2022,
A0001869,0,US01,VEH,VEH Asset 1869,01-01-2022,
A0001870,0,IN01,VEH,VEH Asset 1870,25-01-2022,
A0001871,0,DE01,COMP,COMP Asset 1871,01-01-2022,
A0001872,0,DE01,MACH,MACH Asset 1872,24-07-2022,
A0001873,0,IN01,VEH,VEH Asset 1873,18-02-2023,
A0001874,0,DE01,COMP,COMP Asset 1874,23-10-2022,
A0001875,0,US01,MACH,MACH Asset 1875,01-01-2022,
A0001876,0,DE01,VEH,VEH Asset 1876,06-01-2023,
A0001877,0,IN01,MACH,MACH Asset 1877,01-01-2022,
A0001878,0,DE01,BLDG,BLDG Asset 1878,01-01-2022,
A0001879,0,DE01,COMP,COMP Asset 1879,03-09-2022,
A0001880,0,DE01,COMP,COMP Asset 1880,01-01-2022,
A0001881,0,DE01,VEH,VEH Asset 1881,13-12-2022,
A0001882,0,IN01,BLDG,BLDG Asset 1882,01-01-2022,
A0001883,0,US01,MACH,MACH Asset 1883,21-05-2022,
A0001884,0,DE01,COMP,COMP Asset 1884,01-01-2022,
A0001885,0,US01,MACH,MACH Asset 1885,22-06-2022,
A0001886,0,IN01,BLDG,BLDG Asset 1886,27-11-2022,17-02-2024
A0001887,0,DE01,VEH,VEH Asset 1887,23-07-2022,
A0001888,0,IN01,VEH,VEH Asset 1888,01-01-2022,
A0001889,0,US01,COMP,COMP Asset 1889,01-01-2022,
A0001890,0,US01,VEH,VEH Asset 1890,01-01-2022,
A0001891,0,DE01,BLDG,BLDG Asset 1891,01-01-2022,
A0001892,0,IN01,BLDG,BLDG Asset 1892,01-01-2022,
A0001893,0,IN01,BLDG,BLDG Asset 1893,01-01-2022,
A0001894,0,US01,VEH,VEH Asset 1894,01-01-2022,
A0001895,0,IN01,VEH,VEH Asset 1895,01-01-2022,
A0001896,0,DE01,BLDG,BLDG Asset 1896,01-01-2022,
A0001897,0,IN01,MACH,MACH Asset 1897,01-01-2022,
A0001898,0,DE01,VEH,VEH Asset 1898,01-01-2022,
A0001899,0,DE01,MACH,MACH Asset 1899,01-01-2022,
A0001900,0,IN01,COMP,COMP Asset 1900,01-01-2022,
A0001901,0,DE01,VEH,VEH Asset 1901,01-01-2022,
A0001902,0,US01,BLDG,BLDG Asset 1902,31-03-2022,
A0001903,0,DE01,VEH,VEH Asset 1903,01-01-2022,
A0001904,0,US01,VEH,VEH Asset 1904,06-12-2022,
A0001905,0,DE01,MACH,MACH Asset 1905,21-11-2022,
A0001906,0,DE01,BLDG,BLDG Asset 1906,03-03-2023,
A0001907,0,DE01,COMP,COMP Asset 1907,05-12-2022,
A0001908,0,IN01,COMP,COMP Asset 1908,15-07-2022,
A0001909,0,US01,MACH,MACH Asset 1909,14-03-2023,
A0001910,0,IN01,MACH,MACH Asset 1910,01-01-2022,
A0001911,0,IN01,BLDG,BLDG Asset 1911,17-02-2023,
A0001912,0,DE01,VEH,VEH Asset 1912,15-03-2023,
A0001913,0,IN01,COMP,COMP Asset 1913,21-01-2023,
A0001914,0,DE01,COMP,COMP Asset 1914,01-01-2022,
A0001915,0,IN01,MACH,MACH Asset 1915,25-07-2022,31-12-2023
A0001916,0,IN01,BLDG,BLDG Asset 1916,27-02-2022,
A0001917,0,DE01,VEH,VEH Asset 1917,24-09-2022,
A0001918,0,IN01,MACH,MACH Asset 1918,24-09-2022,
A0001919,0,IN01,BLDG,BLDG Asset 1919,01-01-2022,
A0001920,0,DE01,COMP,COMP Asset 1920,27-09-2022,
A0001921,0,DE01,BLDG,BLDG Asset 1921,02-03-2022,
A0001922,0,DE01,MACH,MACH Asset 1922,14-04-2022,
A0001923,0,DE01,MACH,MACH Asset 1923,02-03-2022,
A0001924,0,IN01,MACH,MACH Asset 1924,03-11-2022,
A0001925,0,IN01,MACH,MACH Asset 1925,23-12-2022,
A0001926,0,US01,BLDG,BLDG Asset 1926,07-03-2022,
A0001927,0,US01,BLDG,BLDG Asset 1927,12-01-2023,
A0001928,0,DE01,MACH,MACH Asset 1928,05-03-2022,
A0001929,0,US01,VEH,VEH Asset 1929,07-11-2022,
A0001930,0,US01,MACH,MACH Asset 1930,21-02-2023,
A0001931,0,US01,MACH,MACH Asset 1931,01-01-2022,
A0001932,0,IN01,MACH,MACH Asset 1932,22-03-2022,
A0001933,0,US01,BLDG,BLDG Asset 1933,06-01-2022,
A0001934,0,IN01,COMP,COMP Asset 1934,30-08-2022,
A0001935,0,IN01,COMP,COMP Asset 1935,01-01-2022,
A0001936,0,US01,VEH,VEH Asset 1936,24-02-2023,
A0001937,0,US01,VEH,VEH Asset 1937,18-07-2022,
A0001938,0,US01,VEH,VEH Asset 1938,27-11-2022,
A0001939,0,DE01,COMP,COMP Asset 1939,01-01-2022,12-05-2023
A0001940,0,US01,BLDG,BLDG Asset 1940,30-08-2022,
A0001941,0,DE01,COMP,COMP Asset 1941,01-01-2022,30-04-2023
A0001942,0,IN01,MACH,MACH Asset 1942,21-08-2022,
A0001943,0,DE01,BLDG,BLDG Asset 1943,01-01-2022,
A0001944,0,DE01,VEH,VEH Asset 1944,15-05-2022,
A0001945,0,US01,COMP,COMP Asset 1945,01-01-2022,
A0001946,0,IN01,BLDG,BLDG Asset 1946,23-09-2022,
A0001947,0,US01,COMP,COMP Asset 1947,22-01-2022,
A0001948,0,DE01,VEH,VEH Asset 1948,15-01-2023,
A0001949,0,DE01,BLDG,BLDG Asset 1949,01-01-2022,
A0001950,0,IN01,COMP,COMP Asset 1950,01-01-2022,
A0001951,0,US01,COMP,COMP Asset 1951,25-03-2022,
A0001952,0,US01,BLDG,BLDG Asset 1952,08-03-2023,
A0001953,0,IN01,BLDG,BLDG Asset 1953,13-09-2022,
A0001954,0,DE01,BLDG,BLDG Asset 1954,21-10-2022,
A0001955,0,IN01,VEH,VEH Asset 1955,02-05-2022,22-06-2023
A0001956,0,IN01,VEH,VEH Asset 1956,21-01-2022,
A0001957,0,DE01,COMP,COMP Asset 1957,01-01-2022,
A0001958,0,US01,MACH,MACH Asset 1958,01-01-2022,
A0001959,0,US01,BLDG,BLDG Asset 1959,27-12-2022,
A0001960,0,IN01,BLDG,BLDG Asset 1960,25-01-2023,
A0001961,0,DE01,VEH,VEH Asset 1961,01-01-2022,
A0001962,0,DE01,MACH,MACH Asset 1962,01-01-2022,
A0001963,0,IN01,BLDG,BLDG Asset 1963,01-01-2022,
A0001964,0,IN01,BLDG,BLDG Asset 1964,01-10-2022,
A0001965,0,IN01,COMP,COMP Asset 1965,13-07-2022,
A0001966,0,DE01,COMP,COMP Asset 1966,29-01-2022,
A0001967,0,DE01,BLDG,BLDG Asset 1967,01-01-2022,
A0001968,0,DE01,VEH,VEH Asset 1968,28-04-2022,
A0001969,0,US01,VEH,VEH Asset 1969,28-05-2022,
A0001970,0,US01,MACH,MACH Asset 1970,01-01-2022,
A0001971,0,DE01,MACH,MACH Asset 1971,01-01-2022,
A0001972,0,IN01,BLDG,BLDG Asset 1972,01-01-2022,
A0001973,0,DE01,VEH,VEH Asset 1973,08-03-2023,
A0001974,0,IN01,VEH,VEH Asset 1974,01-01-2022,
A0001975,0,DE01,MACH,MACH Asset 1975,01-01-2022,
A0001976,0,US01,MACH,MACH Asset 1976,20-01-2023,
A0001977,0,IN01,BLDG,BLDG Asset 1977,15-11-2022,
A0001978,0,US01,VEH,VEH Asset 1978,01-01-2022,
A0001979,0,DE01,MACH,MACH Asset 1979,01-01-2022,
A0001980,0,DE01,MACH,MACH Asset 1980,01-01-2022,
A0001981,0,DE01,COMP,COMP Asset 1981,01-01-2022,
A0001982,0,IN01,VEH,VEH Asset 1982,01-01-2022,
A0001983,0,IN01,BLDG,BLDG Asset 1983,03-08-2022,01-02-2024
A0001984,0,US01,VEH,VEH Asset 1984,03-03-2023,
A0001985,0,US01,BLDG,BLDG Asset 1985,14-12-2022,
A0001986,0,US01,MACH,MACH Asset 1986,24-09-2022,
A0001987,0,US01,BLDG,BLDG Asset 1987,18-10-2022,
A0001988,0,DE01,BLDG,BLDG Asset 1988,05-01-2022,
A0001989,0,IN01,BLDG,BLDG Asset 1989,29-04-2022,
A0001990,0,DE01,COMP,COMP Asset 1990,01-01-2022,
A0001991,0,DE01,BLDG,BLDG Asset 1991,01-01-2022,
A0001992,0,IN01,COMP,COMP Asset 1992,01-01-2022,
A0001993,0,IN01,VEH,VEH Asset 1993,01-01-2022,
A0001994,0,US01,COMP,COMP Asset 1994,30-05-2022,21-12-2023
A0001995,0,US01,VEH,VEH Asset 1995,01-01-2022,
A0001996,0,DE01,MACH,MACH Asset 1996,01-01-2022,
A0001997,0,IN01,COMP,COMP Asset 1997,29-12-2022,
A0001998,0,US01,COMP,COMP Asset 1998,06-10-2022,
A0001999,0,US01,VEH,VEH Asset 1999,01-01-2022,
A0002000,0,IN01,BLDG,BLDG Asset 2000,01-01-2022,
