material_id,material_name,material_type,product_group,uom
MAT-00001,Material 1,SEMI,A,EA
MAT-00002,Material 2,FINISHED,A,EA
MAT-00003,Material 3,RAW,D,EA
MAT-00004,Material 4,RAW,B,EA
MAT-00005,Material 5,RAW,B,EA
MAT-00006,Material 6,RAW,C,EA
MAT-00007,Material 7,SEMI,C,EA
MAT-00008,Material 8,RAW,C,EA
MAT-00009,Material 9,RAW,D,EA
MAT-00010,Material 10,SEMI,B,EA
MAT-00011,Material 11,SEMI,D,EA
MAT-00012,Material 12,RAW,C,EA
MAT-00013,Material 13,SEMI,C,EA
MAT-00014,Material 14,FINISHED,B,EA
MAT-00015,Material 15,RAW,C,EA
MAT-00016,Material 16,FINISHED,A,EA
MAT-00017,Material 17,SEMI,A,EA
MAT-00018,Material 18,RAW,C,EA
MAT-00019,Material 19,RAW,B,EA
MAT-00020,Material 20,FINISHED,B,EA
MAT-00021,Material 21,RAW,C,EA
MAT-00022,Material 22,RAW,B,EA
MAT-00023,Material 23,RAW,B,EA
MAT-00024,Material 24,FINISHED,B,EA
MAT-00025,Material 25,SEMI,D,EA
MAT-00026,Material 26,FINISHED,B,EA
MAT-00027,Material 27,SEMI,D,EA
MAT-00028,Material 28,SEMI,B,EA
MAT-00029,Material 29,FINISHED,A,EA
MAT-00030,Material 30,RAW,D,EA
MAT-00031,Material 31,SEMI,B,EA
MAT-00032,Material 32,FINISHED,D,EA
MAT-00033,Material 33,SEMI,B,EA
MAT-00034,Material 34,FINISHED,A,EA
MAT-00035,Material 35,SEMI,C,EA
MAT-00036,Material 36,SEMI,D,EA
MAT-00037,Material 37,RAW,B,EA
MAT-00038,Material 38,RAW,B,EA
MAT-00039,Material 39,RAW,A,EA
MAT-00040,Material 40,RAW,C,EA
MAT-00041,Material 41,RAW,D,EA
MAT-00042,Material 42,RAW,D,EA
MAT-00043,Material 43,RAW,C,EA
MAT-00044,Material 44,SEMI,D,EA
MAT-00045,Material 45,RAW,C,EA
MAT-00046,Material 46,RAW,D,EA
MAT-00047,Material 47,RAW,C,EA
MAT-00048,Material 48,RAW,A,EA
MAT-00049,Material 49,FINISHED,A,EA
MAT-00050,Material 50,SEMI,A,EA
MAT-00051,Material 51,SEMI,D,EA
MAT-00052,Material 52,RAW,A,EA
MAT-00053,Material 53,SEMI,C,EA
MAT-00054,Material 54,RAW,B,EA
MAT-00055,Material 55,RAW,D,EA
MAT-00056,Material 56,FINISHED,C,EA
MAT-00057,Material 57,SEMI,C,EA
MAT-00058,Material 58,SEMI,A,EA
MAT-00059,Material 59,SEMI,B,EA
MAT-00060,Material 60,FINISHED,D,EA
MAT-00061,Material 61,SEMI,C,EA
MAT-00062,Material 62,RAW,C,EA
MAT-00063,Material 63,RAW,D,EA
MAT-00064,Material 64,RAW,D,EA
MAT-00065,Material 65,RAW,A,EA
MAT-00066,Material 66,RAW,D,EA
MAT-00067,Material 67,FINISHED,C,EA
MAT-00068,Material 68,FINISHED,B,EA
MAT-00069,Material 69,RAW,C,EA
MAT-00070,Material 70,SEMI,B,EA
MAT-00071,Material 71,RAW,D,EA
MAT-00072,Material 72,FINISHED,D,EA
MAT-00073,Material 73,RAW,C,EA
MAT-00074,Material 74,RAW,A,EA
MAT-00075,Material 75,RAW,D,EA
MAT-00076,Material 76,SEMI,B,EA
MAT-00077,Material 77,RAW,D,EA
MAT-00078,Material 78,SEMI,A,EA
MAT-00079,Material 79,FINISHED,A,EA
MAT-00080,Material 80,RAW,A,EA
MAT-00081,Material 81,RAW,A,EA
MAT-00082,Material 82,FINISHED,B,EA
MAT-00083,Material 83,SEMI,C,EA
MAT-00084,Material 84,RAW,B,EA
MAT-00085,Material 85,RAW,D,EA
MAT-00086,Material 86,RAW,D,EA
MAT-00087,Material 87,SEMI,D,EA
MAT-00088,Material 88,SEMI,B,EA
MAT-00089,Material 89,RAW,C,EA
MAT-00090,Material 90,RAW,C,EA
MAT-00091,Material 91,RAW,A,EA
MAT-00092,Material 92,FINISHED,B,EA
MAT-00093,Material 93,SEMI,C,EA
MAT-00094,Material 94,FINISHED,C,EA
MAT-00095,Material 95,FINISHED,A,EA
MAT-00096,Material 96,RAW,D,EA
MAT-00097,Material 97,SEMI,A,EA
MAT-00098,Material 98,SEMI,C,EA
MAT-00099,Material 99,SEMI,C,EA
MAT-00100,Material 100,RAW,C,EA
MAT-00101,Material 101,SEMI,D,EA
MAT-00102,Material 102,RAW,C,EA
MAT-00103,Material 103,RAW,D,EA
MAT-00104,Material 104,RAW,A,EA
MAT-00105,Material 105,FINISHED,A,EA
MAT-00106,Material 106,FINISHED,C,EA
MAT-00107,Material 107,RAW,C,EA
MAT-00108,Material 108,SEMI,C,EA
MAT-00109,Material 109,RAW,D,EA
MAT-00110,Material 110,FINISHED,B,EA
MAT-00111,Material 111,FINISHED,C,EA
MAT-00112,Material 112,RAW,B,EA
MAT-00113,Material 113,SEMI,C,EA
MAT-00114,Material 114,SEMI,B,EA
MAT-00115,Material 115,RAW,D,EA
MAT-00116,Material 116,SEMI,B,EA
MAT-00117,Material 117,SEMI,D,EA
MAT-00118,Material 118,SEMI,C,EA
MAT-00119,Material 119,SEMI,B,EA
MAT-00120,Material 120,RAW,A,EA
MAT-00121,Material 121,RAW,A,EA
MAT-00122,Material 122,RAW,B,EA
MAT-00123,Material 123,FINISHED,B,EA
MAT-00124,Material 124,FINISHED,A,EA
MAT-00125,Material 125,FINISHED,C,EA
MAT-00126,Material 126,RAW,B,EA
MAT-00127,Material 127,RAW,C,EA
MAT-00128,Material 128,FINISHED,C,EA
MAT-00129,Material 129,FINISHED,D,EA
MAT-00130,Material 130,RAW,D,EA
MAT-00131,Material 131,RAW,A,EA
MAT-00132,Material 132,RAW,B,EA
MAT-00133,Material 133,SEMI,C,EA
MAT-00134,Material 134,SEMI,B,EA
MAT-00135,Material 135,RAW,B,EA
MAT-00136,Material 136,RAW,B,EA
MAT-00137,Material 137,SEMI,A,EA
MAT-00138,Material 138,RAW,A,EA
MAT-00139,Material 139,FINISHED,B,EA
MAT-00140,Material 140,RAW,B,EA
MAT-00141,Material 141,RAW,C,EA
MAT-00142,Material 142,SEMI,A,EA
MAT-00143,Material 143,SEMI,D,EA
MAT-00144,Material 144,RAW,A,EA
MAT-00145,Material 145,RAW,B,EA
MAT-00146,Material 146,FINISHED,C,EA
MAT-00147,Material 147,SEMI,B,EA
MAT-00148,Material 148,RAW,D,EA
MAT-00149,Material 149,SEMI,B,EA
MAT-00150,Material 150,RAW,C,EA
MAT-00151,Material 151,RAW,B,EA
MAT-00152,Material 152,RAW,B,EA
MAT-00153,Material 153,SEMI,A,EA
MAT-00154,Material 154,RAW,D,EA
MAT-00155,Material 155,RAW,C,EA
MAT-00156,Material 156,RAW,D,EA
MAT-00157,Material 157,SEMI,A,EA
MAT-00158,Material 158,RAW,B,EA
MAT-00159,Material 159,FINISHED,A,EA
MAT-00160,Material 160,FINISHED,B,EA
MAT-00161,Material 161,RAW,D,EA
MAT-00162,Material 162,RAW,C,EA
MAT-00163,Material 163,SEMI,B,EA
MAT-00164,Material 164,RAW,C,EA
MAT-00165,Material 165,RAW,D,EA
MAT-00166,Material 166,FINISHED,B,EA
MAT-00167,Material 167,SEMI,D,EA
MAT-00168,Material 168,RAW,C,EA
MAT-00169,Material 169,SEMI,D,EA
MAT-00170,Material 170,FINISHED,B,EA
MAT-00171,Material 171,RAW,B,EA
MAT-00172,Material 172,RAW,C,EA
MAT-00173,Material 173,RAW,A,EA
MAT-00174,Material 174,RAW,C,EA
MAT-00175,Material 175,RAW,A,EA
MAT-00176,Material 176,SEMI,C,EA
MAT-00177,Material 177,SEMI,D,EA
MAT-00178,Material 178,FINISHED,B,EA
MAT-00179,Material 179,RAW,D,EA
MAT-00180,Material 180,RAW,C,EA
MAT-00181,Material 181,RAW,A,EA
MAT-00182,Material 182,FINISHED,D,EA
MAT-00183,Material 183,RAW,B,EA
MAT-00184,Material 184,RAW,D,EA
MAT-00185,Material 185,RAW,B,EA
MAT-00186,Material 186,RAW,D,EA
MAT-00187,Material 187,RAW,D,EA
MAT-00188,Material 188,RAW,A,EA
MAT-00189,Material 189,FINISHED,C,EA
MAT-00190,Material 190,RAW,C,EA
MAT-00191,Material 191,FINISHED,A,EA
MAT-00192,Material 192,SEMI,A,EA
MAT-00193,Material 193,RAW,B,EA
MAT-00194,Material 194,FINISHED,B,EA
MAT-00195,Material 195,FINISHED,B,EA
MAT-00196,Material 196,FINISHED,C,EA
MAT-00197,Material 197,FINISHED,C,EA
MAT-00198,Material 198,FINISHED,B,EA
MAT-00199,Material 199,RAW,C,EA
MAT-00200,Material 200,RAW,A,EA
MAT-00201,Material 201,RAW,D,EA
MAT-00202,Material 202,RAW,C,EA
MAT-00203,Material 203,RAW,B,EA
MAT-00204,Material 204,RAW,B,EA
MAT-00205,Material 205,FINISHED,D,EA
MAT-00206,Material 206,RAW,C,EA
MAT-00207,Material 207,SEMI,C,EA
MAT-00208,Material 208,RAW,B,EA
MAT-00209,Material 209,RAW,D,EA
MAT-00210,Material 210,FINISHED,B,EA
MAT-00211,Material 211,FINISHED,C,EA
MAT-00212,Material 212,SEMI,D,EA
MAT-00213,Material 213,SEMI,C,EA
MAT-00214,Material 214,RAW,D,EA
MAT-00215,Material 215,RAW,C,EA
MAT-00216,Material 216,FINISHED,C,EA
MAT-00217,Material 217,SEMI,A,EA
MAT-00218,Material 218,SEMI,B,EA
MAT-00219,Material 219,SEMI,D,EA
MAT-00220,Material 220,RAW,D,EA
MAT-00221,Material 221,SEMI,D,EA
MAT-00222,Material 222,SEMI,C,EA
MAT-00223,Material 223,FINISHED,C,EA
MAT-00224,Material 224,RAW,C,EA
MAT-00225,Material 225,FINISHED,A,EA
MAT-00226,Material 226,RAW,C,EA
MAT-00227,Material 227,RAW,C,EA
MAT-00228,Material 228,SEMI,D,EA
MAT-00229,Material 229,SEMI,A,EA
MAT-00230,Material 230,RAW,C,EA
MAT-00231,Material 231,RAW,A,EA
MAT-00232,Material 232,FINISHED,D,EA
MAT-00233,Material 233,RAW,A,EA
MAT-00234,Material 234,SEMI,A,EA
MAT-00235,Material 235,SEMI,B,EA
MAT-00236,Material 236,RAW,A,EA
MAT-00237,Material 237,SEMI,C,EA
MAT-00238,Material 238,SEMI,B,EA
MAT-00239,Material 239,FINISHED,D,EA
MAT-00240,Material 240,RAW,D,EA
MAT-00241,Material 241,SEMI,D,EA
MAT-00242,Material 242,RAW,C,EA
MAT-00243,Material 243,RAW,A,EA
MAT-00244,Material 244,SEMI,A,EA
MAT-00245,Material 245,RAW,A,EA
MAT-00246,Material 246,RAW,B,EA
MAT-00247,Material 247,SEMI,C,EA
MAT-00248,Material 248,RAW,C,EA
MAT-00249,Material 249,RAW,B,EA
MAT-00250,Material 250,FINISHED,A,EA
MAT-00251,Material 251,FINISHED,D,EA
MAT-00252,Material 252,RAW,B,EA
MAT-00253,Material 253,RAW,B,EA
MAT-00254,Material 254,RAW,D,EA
MAT-00255,Material 255,FINISHED,C,EA
MAT-00256,Material 256,FINISHED,C,EA
MAT-00257,Material 257,FINISHED,C,EA
MAT-00258,Material 258,RAW,C,EA
MAT-00259,Material 259,RAW,A,EA
MAT-00260,Material 260,FINISHED,A,EA
MAT-00261,Material 261,SEMI,C,EA
MAT-00262,Material 262,SEMI,A,EA
MAT-00263,Material 263,FINISHED,D,EA
MAT-00264,Material 264,SEMI,B,EA
MAT-00265,Material 265,RAW,B,EA
MAT-00266,Material 266,FINISHED,A,EA
MAT-00267,Material 267,RAW,C,EA
MAT-00268,Material 268,SEMI,B,EA
MAT-00269,Material 269,FINISHED,B,EA
MAT-00270,Material 270,RAW,D,EA
MAT-00271,Material 271,RAW,D,EA
MAT-00272,Material 272,RAW,B,EA
MAT-00273,Material 273,SEMI,A,EA
MAT-00274,Material 274,RAW,C,EA
MAT-00275,Material 275,SEMI,B,EA
MAT-00276,Material 276,SEMI,D,EA
MAT-00277,Material 277,RAW,D,EA
MAT-00278,Material 278,SEMI,D,EA
MAT-00279,Material 279,RAW,D,EA
MAT-00280,Material 280,RAW,B,EA
MAT-00281,Material 281,FINISHED,B,EA
MAT-00282,Material 282,FINISHED,C,EA
MAT-00283,Material 283,RAW,B,EA
MAT-00284,Material 284,RAW,B,EA
MAT-00285,Material 285,RAW,B,EA
MAT-00286,Material 286,RAW,B,EA
MAT-00287,Material 287,SEMI,A,EA
MAT-00288,Material 288,SEMI,C,EA
MAT-00289,Material 289,RAW,D,EA
MAT-00290,Material 290,SEMI,C,EA
MAT-00291,Material 291,SEMI,A,EA
MAT-00292,Material 292,RAW,C,EA
MAT-00293,Material 293,RAW,C,EA
MAT-00294,Material 294,RAW,A,EA
MAT-00295,Material 295,FINISHED,C,EA
MAT-00296,Material 296,FINISHED,C,EA
MAT-00297,Material 297,SEMI,C,EA
MAT-00298,Material 298,FINISHED,A,EA
MAT-00299,Material 299,SEMI,B,EA
MAT-00300,Material 300,RAW,C,EA
MAT-00301,Material 301,RAW,A,EA
MAT-00302,Material 302,RAW,D,EA
MAT-00303,Material 303,FINISHED,A,EA
MAT-00304,Material 304,SEMI,C,EA
MAT-00305,Material 305,FINISHED,D,EA
MAT-00306,Material 306,FINISHED,B,EA
MAT-00307,Material 307,RAW,D,EA
MAT-00308,Material 308,RAW,D,EA
MAT-00309,Material 309,RAW,B,EA
MAT-00310,Material 310,SEMI,A,EA
MAT-00311,Material 311,FINISHED,D,EA
MAT-00312,Material 312,RAW,B,EA
MAT-00313,Material 313,SEMI,C,EA
MAT-00314,Material 314,RAW,D,EA
MAT-00315,Material 315,FINISHED,A,EA
MAT-00316,Material 316,FINISHED,C,EA
MAT-00317,Material 317,FINISHED,C,EA
MAT-00318,Material 318,FINISHED,C,EA
MAT-00319,Material 319,FINISHED,D,EA
MAT-00320,Material 320,RAW,D,EA
MAT-00321,Material 321,SEMI,A,EA
MAT-00322,Material 322,RAW,D,EA
MAT-00323,Material 323,FINISHED,A,EA
MAT-00324,Material 324,FINISHED,D,EA
MAT-00325,Material 325,FINISHED,D,EA
MAT-00326,Material 326,FINISHED,B,EA
MAT-00327,Material 327,RAW,B,EA
MAT-00328,Material 328,SEMI,D,EA
MAT-00329,Material 329,RAW,D,EA
MAT-00330,Material 330,FINISHED,D,EA
MAT-00331,Material 331,FINISHED,D,EA
MAT-00332,Material 332,RAW,A,EA
MAT-00333,Material 333,FINISHED,C,EA
MAT-00334,Material 334,RAW,A,EA
MAT-00335,Material 335,RAW,D,EA
MAT-00336,Material 336,SEMI,B,EA
MAT-00337,Material 337,RAW,D,EA
MAT-00338,Material 338,RAW,C,EA
MAT-00339,Material 339,RAW,B,EA
MAT-00340,Material 340,RAW,D,EA
MAT-00341,Material 341,FINISHED,D,EA
MAT-00342,Material 342,FINISHED,B,EA
MAT-00343,Material 343,RAW,A,EA
MAT-00344,Material 344,SEMI,A,EA
MAT-00345,Material 345,RAW,A,EA
MAT-00346,Material 346,FINISHED,B,EA
MAT-00347,Material 347,SEMI,B,EA
MAT-00348,Material 348,FINISHED,A,EA
MAT-00349,Material 349,RAW,C,EA
MAT-00350,Material 350,FINISHED,D,EA
MAT-00351,Material 351,RAW,C,EA
MAT-00352,Material 352,FINISHED,D,EA
MAT-00353,Material 353,RAW,A,EA
MAT-00354,Material 354,RAW,D,EA
MAT-00355,Material 355,RAW,D,EA
MAT-00356,Material 356,SEMI,D,EA
MAT-00357,Material 357,RAW,C,EA
MAT-00358,Material 358,SEMI,A,EA
MAT-00359,Material 359,SEMI,C,EA
MAT-00360,Material 360,RAW,A,EA
MAT-00361,Material 361,SEMI,A,EA
MAT-00362,Material 362,RAW,B,EA
MAT-00363,Material 363,SEMI,A,EA
MAT-00364,Material 364,RAW,B,EA
MAT-00365,Material 365,FINISHED,A,EA
MAT-00366,Material 366,SEMI,D,EA
MAT-00367,Material 367,SEMI,D,EA
MAT-00368,Material 368,SEMI,B,EA
MAT-00369,Material 369,SEMI,C,EA
MAT-00370,Material 370,RAW,A,EA
MAT-00371,Material 371,RAW,C,EA
MAT-00372,Material 372,SEMI,C,EA
MAT-00373,Material 373,RAW,A,EA
MAT-00374,Material 374,RAW,A,EA
MAT-00375,Material 375,FINISHED,B,EA
MAT-00376,Material 376,SEMI,B,EA
MAT-00377,Material 377,RAW,C,EA
MAT-00378,Material 378,RAW,D,EA
MAT-00379,Material 379,RAW,C,EA
MAT-00380,Material 380,RAW,B,EA
MAT-00381,Material 381,RAW,A,EA
MAT-00382,Material 382,RAW,D,EA
MAT-00383,Material 383,RAW,B,EA
MAT-00384,Material 384,FINISHED,C,EA
MAT-00385,Material 385,SEMI,A,EA
MAT-00386,Material 386,FINISHED,A,EA
MAT-00387,Material 387,SEMI,A,EA
MAT-00388,Material 388,RAW,C,EA
MAT-00389,Material 389,SEMI,C,EA
MAT-00390,Material 390,RAW,B,EA
MAT-00391,Material 391,RAW,C,EA
MAT-00392,Material 392,RAW,B,EA
MAT-00393,Material 393,SEMI,C,EA
MAT-00394,Material 394,SEMI,C,EA
MAT-00395,Material 395,RAW,A,EA
MAT-00396,Material 396,RAW,A,EA
MAT-00397,Material 397,RAW,D,EA
MAT-00398,Material 398,RAW,D,EA
MAT-00399,Material 399,FINISHED,A,EA
MAT-00400,Material 400,SEMI,B,EA
MAT-00401,Material 401,RAW,C,EA
MAT-00402,Material 402,RAW,A,EA
MAT-00403,Material 403,SEMI,C,EA
MAT-00404,Material 404,SEMI,A,EA
MAT-00405,Material 405,RAW,C,EA
MAT-00406,Material 406,FINISHED,C,EA
MAT-00407,Material 407,SEMI,C,EA
MAT-00408,Material 408,SEMI,A,EA
MAT-00409,Material 409,RAW,B,EA
MAT-00410,Material 410,RAW,C,EA
MAT-00411,Material 411,RAW,A,EA
MAT-00412,Material 412,RAW,A,EA
MAT-00413,Material 413,RAW,C,EA
MAT-00414,Material 414,FINISHED,A,EA
MAT-00415,Material 415,RAW,C,EA
MAT-00416,Material 416,RAW,D,EA
MAT-00417,Material 417,SEMI,B,EA
MAT-00418,Material 418,RAW,C,EA
MAT-00419,Material 419,SEMI,B,EA
MAT-00420,Material 420,RAW,A,EA
MAT-00421,Material 421,RAW,B,EA
MAT-00422,Material 422,SEMI,D,EA
MAT-00423,Material 423,RAW,C,EA
MAT-00424,Material 424,SEMI,B,EA
MAT-00425,Material 425,SEMI,D,EA
MAT-00426,Material 426,RAW,C,EA
MAT-00427,Material 427,RAW,C,EA
MAT-00428,Material 428,RAW,A,EA
MAT-00429,Material 429,FINISHED,B,EA
MAT-00430,Material 430,SEMI,A,EA
MAT-00431,Material 431,RAW,D,EA
MAT-00432,Material 432,RAW,D,EA
MAT-00433,Material 433,FINISHED,A,EA
MAT-00434,Material 434,RAW,D,EA
MAT-00435,Material 435,FINISHED,A,EA
MAT-00436,Material 436,SEMI,B,EA
MAT-00437,Material 437,FINISHED,D,EA
MAT-00438,Material 438,SEMI,D,EA
MAT-00439,Material 439,FINISHED,D,EA
MAT-00440,Material 440,FINISHED,C,EA
MAT-00441,Material 441,SEMI,B,EA
MAT-00442,Material 442,SEMI,D,EA
MAT-00443,Material 443,SEMI,B,EA
MAT-00444,Material 444,FINISHED,D,EA
MAT-00445,Material 445,SEMI,D,EA
MAT-00446,Material 446,FINISHED,B,EA
MAT-00447,Material 447,SEMI,C,EA
MAT-00448,Material 448,RAW,C,EA
MAT-00449,Material 449,RAW,C,EA
MAT-00450,Material 450,RAW,C,EA
MAT-00451,Material 451,SEMI,B,EA
MAT-00452,Material 452,SEMI,A,EA
MAT-00453,Material 453,SEMI,C,EA
MAT-00454,Material 454,SEMI,C,EA
MAT-00455,Material 455,RAW,C,EA
MAT-00456,Material 456,RAW,A,EA
MAT-00457,Material 457,RAW,A,EA
MAT-00458,Material 458,RAW,A,EA
MAT-00459,Material 459,RAW,B,EA
MAT-00460,Material 460,SEMI,C,EA
MAT-00461,Material 461,RAW,C,EA
MAT-00462,Material 462,RAW,C,EA
MAT-00463,Material 463,SEMI,D,EA
MAT-00464,Material 464,SEMI,A,EA
MAT-00465,Material 465,RAW,B,EA
MAT-00466,Material 466,RAW,B,EA
MAT-00467,Material 467,SEMI,D,EA
MAT-00468,Material 468,RAW,C,EA
MAT-00469,Material 469,RAW,A,EA
MAT-00470,Material 470,RAW,D,EA
MAT-00471,Material 471,FINISHED,B,EA
MAT-00472,Material 472,SEMI,D,EA
MAT-00473,Material 473,SEMI,D,EA
MAT-00474,Material 474,FINISHED,A,EA
MAT-00475,Material 475,SEMI,A,EA
MAT-00476,Material 476,RAW,A,EA
MAT-00477,Material 477,RAW,A,EA
MAT-00478,Material 478,RAW,C,EA
MAT-00479,Material 479,SEMI,C,EA
MAT-00480,Material 480,FINISHED,A,EA
MAT-00481,Material 481,FINISHED,C,EA
MAT-00482,Material 482,RAW,B,EA
MAT-00483,Material 483,SEMI,A,EA
MAT-00484,Material 484,SEMI,A,EA
MAT-00485,Material 485,SEMI,D,EA
MAT-00486,Material 486,RAW,A,EA
MAT-00487,Material 487,RAW,C,EA
MAT-00488,Material 488,RAW,B,EA
MAT-00489,Material 489,RAW,D,EA
MAT-00490,Material 490,RAW,C,EA
MAT-00491,Material 491,SEMI,B,EA
MAT-00492,Material 492,RAW,C,EA
MAT-00493,Material 493,RAW,C,EA
MAT-00494,Material 494,RAW,B,EA
MAT-00495,Material 495,RAW,B,EA
MAT-00496,Material 496,SEMI,A,EA
MAT-00497,Material 497,RAW,C,EA
MAT-00498,Material 498,RAW,A,EA
MAT-00499,Material 499,SEMI,B,EA
MAT-00500,Material 500,RAW,A,EA
MAT-00501,Material 501,SEMI,D,EA
MAT-00502,Material 502,RAW,D,EA
MAT-00503,Material 503,RAW,D,EA
MAT-00504,Material 504,RAW,C,EA
MAT-00505,Material 505,RAW,B,EA
MAT-00506,Material 506,RAW,B,EA
MAT-00507,Material 507,RAW,D,EA
MAT-00508,Material 508,SEMI,D,EA
MAT-00509,Material 509,RAW,C,EA
MAT-00510,Material 510,SEMI,D,EA
MAT-00511,Material 511,FINISHED,B,EA
MAT-00512,Material 512,RAW,B,EA
MAT-00513,Material 513,RAW,A,EA
MAT-00514,Material 514,RAW,B,EA
MAT-00515,Material 515,SEMI,D,EA
MAT-00516,Material 516,FINISHED,B,EA
MAT-00517,Material 517,RAW,D,EA
MAT-00518,Material 518,SEMI,B,EA
MAT-00519,Material 519,SEMI,C,EA
MAT-00520,Material 520,SEMI,D,EA
MAT-00521,Material 521,SEMI,D,EA
MAT-00522,Material 522,FINISHED,C,EA
MAT-00523,Material 523,RAW,D,EA
MAT-00524,Material 524,RAW,C,EA
MAT-00525,Material 525,RAW,A,EA
MAT-00526,Material 526,RAW,A,EA
MAT-00527,Material 527,SEMI,A,EA
MAT-00528,Material 528,SEMI,C,EA
MAT-00529,Material 529,RAW,D,EA
MAT-00530,Material 530,SEMI,D,EA
MAT-00531,Material 531,SEMI,A,EA
MAT-00532,Material 532,RAW,C,EA
MAT-00533,Material 533,SEMI,A,EA
MAT-00534,Material 534,SEMI,B,EA
MAT-00535,Material 535,RAW,C,EA
MAT-00536,Material 536,FINISHED,C,EA
MAT-00537,Material 537,FINISHED,D,EA
MAT-00538,Material 538,RAW,A,EA
MAT-00539,Material 539,RAW,D,EA
MAT-00540,Material 540,RAW,C,EA
MAT-00541,Material 541,SEMI,C,EA
MAT-00542,Material 542,FINISHED,B,EA
MAT-00543,Material 543,RAW,D,EA
MAT-00544,Material 544,SEMI,B,EA
MAT-00545,Material 545,RAW,D,EA
MAT-00546,Material 546,SEMI,A,EA
MAT-00547,Material 547,SEMI,D,EA
MAT-00548,Material 548,RAW,D,EA
MAT-00549,Material 549,SEMI,A,EA
MAT-00550,Material 550,FINISHED,D,EA
MAT-00551,Material 551,SEMI,B,EA
MAT-00552,Material 552,RAW,A,EA
MAT-00553,Material 553,FINISHED,C,EA
MAT-00554,Material 554,SEMI,A,EA
MAT-00555,Material 555,RAW,D,EA
MAT-00556,Material 556,RAW,C,EA
MAT-00557,Material 557,RAW,D,EA
MAT-00558,Material 558,SEMI,B,EA
MAT-00559,Material 559,RAW,C,EA
MAT-00560,Material 560,FINISHED,B,EA
MAT-00561,Material 561,FINISHED,B,EA
MAT-00562,Material 562,RAW,C,EA
MAT-00563,Material 563,FINISHED,B,EA
MAT-00564,Material 564,SEMI,A,EA
MAT-00565,Material 565,FINISHED,D,EA
MAT-00566,Material 566,SEMI,B,EA
MAT-00567,Material 567,RAW,D,EA
MAT-00568,Material 568,SEMI,D,EA
MAT-00569,Material 569,FINISHED,B,EA
MAT-00570,Material 570,RAW,B,EA
MAT-00571,Material 571,FINISHED,C,EA
MAT-00572,Material 572,SEMI,A,EA
MAT-00573,Material 573,RAW,A,EA
MAT-00574,Material 574,RAW,B,EA
MAT-00575,Material 575,SEMI,D,EA
MAT-00576,Material 576,RAW,C,EA
MAT-00577,Material 577,FINISHED,B,EA
MAT-00578,Material 578,FINISHED,A,EA
MAT-00579,Material 579,RAW,B,EA
MAT-00580,Material 580,FINISHED,B,EA
MAT-00581,Material 581,RAW,D,EA
MAT-00582,Material 582,RAW,B,EA
MAT-00583,Material 583,SEMI,C,EA
MAT-00584,Material 584,RAW,C,EA
MAT-00585,Material 585,RAW,B,EA
MAT-00586,Material 586,FINISHED,D,EA
MAT-00587,Material 587,RAW,D,EA
MAT-00588,Material 588,RAW,C,EA
MAT-00589,Material 589,SEMI,B,EA
MAT-00590,Material 590,RAW,A,EA
MAT-00591,Material 591,FINISHED,D,EA
MAT-00592,Material 592,SEMI,A,EA
MAT-00593,Material 593,RAW,C,EA
MAT-00594,Material 594,RAW,B,EA
MAT-00595,Material 595,FINISHED,D,EA
MAT-00596,Material 596,RAW,C,EA
MAT-00597,Material 597,SEMI,C,EA
MAT-00598,Material 598,RAW,A,EA
MAT-00599,Material 599,SEMI,A,EA
MAT-00600,Material 600,SEMI,D,EA
MAT-00601,Material 601,SEMI,D,EA
MAT-00602,Material 602,RAW,C,EA
MAT-00603,Material 603,SEMI,D,EA
MAT-00604,Material 604,RAW,B,EA
MAT-00605,Material 605,RAW,D,EA
MAT-00606,Material 606,SEMI,A,EA
MAT-00607,Material 607,RAW,C,EA
MAT-00608,Material 608,SEMI,A,EA
MAT-00609,Material 609,RAW,C,EA
MAT-00610,Material 610,SEMI,B,EA
MAT-00611,Material 611,RAW,C,EA
MAT-00612,Material 612,SEMI,C,EA
MAT-00613,Material 613,RAW,C,EA
MAT-00614,Material 614,SEMI,B,EA
MAT-00615,Material 615,RAW,B,EA
MAT-00616,Material 616,RAW,A,EA
MAT-00617,Material 617,RAW,C,EA
MAT-00618,Material 618,RAW,A,EA
MAT-00619,Material 619,RAW,C,EA
MAT-00620,Material 620,SEMI,B,EA
MAT-00621,Material 621,SEMI,D,EA
MAT-00622,Material 622,RAW,A,EA
MAT-00623,Material 623,RAW,D,EA
MAT-00624,Material 624,RAW,C,EA
MAT-00625,Material 625,SEMI,D,EA
MAT-00626,Material 626,FINISHED,D,EA
MAT-00627,Material 627,SEMI,A,EA
MAT-00628,Material 628,RAW,A,EA
MAT-00629,Material 629,RAW,A,EA
MAT-00630,Material 630,RAW,A,EA
MAT-00631,Material 631,RAW,C,EA
MAT-00632,Material 632,RAW,D,EA
MAT-00633,Material 633,RAW,B,EA
MAT-00634,Material 634,SEMI,B,EA
MAT-00635,Material 635,RAW,B,EA
MAT-00636,Material 636,FINISHED,B,EA
MAT-00637,Material 637,SEMI,C,EA
MAT-00638,Material 638,SEMI,D,EA
MAT-00639,Material 639,RAW,A,EA
MAT-00640,Material 640,FINISHED,C,EA
MAT-00641,Material 641,RAW,D,EA
MAT-00642,Material 642,FINISHED,C,EA
MAT-00643,Material 643,SEMI,D,EA
MAT-00644,Material 644,RAW,D,EA
MAT-00645,Material 645,RAW,A,EA
MAT-00646,Material 646,RAW,B,EA
MAT-00647,Material 647,RAW,C,EA
MAT-00648,Material 648,FINISHED,A,EA
MAT-00649,Material 649,RAW,A,EA
MAT-00650,Material 650,FINISHED,A,EA
MAT-00651,Material 651,RAW,B,EA
MAT-00652,Material 652,RAW,B,EA
MAT-00653,Material 653,SEMI,D,EA
MAT-00654,Material 654,RAW,C,EA
MAT-00655,Material 655,RAW,D,EA
MAT-00656,Material 656,SEMI,A,EA
MAT-00657,Material 657,RAW,C,EA
MAT-00658,Material 658,FINISHED,A,EA
MAT-00659,Material 659,RAW,A,EA
MAT-00660,Material 660,SEMI,D,EA
MAT-00661,Material 661,SEMI,D,EA
MAT-00662,Material 662,SEMI,B,EA
MAT-00663,Material 663,RAW,A,EA
MAT-00664,Material 664,SEMI,A,EA
MAT-00665,Material 665,RAW,D,EA
MAT-00666,Material 666,RAW,D,EA
MAT-00667,Material 667,FINISHED,C,EA
MAT-00668,Material 668,FINISHED,A,EA
MAT-00669,Material 669,RAW,D,EA
MAT-00670,Material 670,SEMI,B,EA
MAT-00671,Material 671,SEMI,D,EA
MAT-00672,Material 672,SEMI,C,EA
MAT-00673,Material 673,FINISHED,D,EA
MAT-00674,Material 674,RAW,C,EA
MAT-00675,Material 675,RAW,B,EA
MAT-00676,Material 676,SEMI,A,EA
MAT-00677,Material 677,RAW,A,EA
MAT-00678,Material 678,RAW,A,EA
MAT-00679,Material 679,RAW,D,EA
MAT-00680,Material 680,RAW,B,EA
MAT-00681,Material 681,RAW,D,EA
MAT-00682,Material 682,SEMI,B,EA
MAT-00683,Material 683,RAW,D,EA
MAT-00684,Material 684,RAW,A,EA
MAT-00685,Material 685,SEMI,D,EA
MAT-00686,Material 686,SEMI,C,EA
MAT-00687,Material 687,RAW,C,EA
MAT-00688,Material 688,SEMI,D,EA
MAT-00689,Material 689,FINISHED,A,EA
MAT-00690,Material 690,SEMI,B,EA
MAT-00691,Material 691,SEMI,D,EA
MAT-00692,Material 692,SEMI,B,EA
MAT-00693,Material 693,FINISHED,D,EA
MAT-00694,Material 694,RAW,D,EA
MAT-00695,Material 695,SEMI,B,EA
MAT-00696,Material 696,SEMI,D,EA
MAT-00697,Material 697,FINISHED,A,EA
MAT-00698,Material 698,FINISHED,B,EA
MAT-00699,Material 699,RAW,D,EA
MAT-00700,Material 700,RAW,B,EA
MAT-00701,Material 701,RAW,B,EA
MAT-00702,Material 702,SEMI,D,EA
MAT-00703,Material 703,SEMI,B,EA
MAT-00704,Material 704,RAW,C,EA
MAT-00705,Material 705,RAW,C,EA
MAT-00706,Material 706,SEMI,A,EA
MAT-00707,Material 707,SEMI,C,EA
MAT-00708,Material 708,FINISHED,D,EA
MAT-00709,Material 709,SEMI,C,EA
MAT-00710,Material 710,RAW,A,EA
MAT-00711,Material 711,RAW,A,EA
MAT-00712,Material 712,RAW,C,EA
MAT-00713,Material 713,RAW,C,EA
MAT-00714,Material 714,RAW,C,EA
MAT-00715,Material 715,RAW,B,EA
MAT-00716,Material 716,RAW,A,EA
MAT-00717,Material 717,FINISHED,A,EA
MAT-00718,Material 718,FINISHED,B,EA
MAT-00719,Material 719,SEMI,B,EA
MAT-00720,Material 720,FINISHED,B,EA
MAT-00721,Material 721,FINISHED,A,EA
MAT-00722,Material 722,SEMI,A,EA
MAT-00723,Material 723,RAW,B,EA
MAT-00724,Material 724,RAW,C,EA
MAT-00725,Material 725,SEMI,B,EA
MAT-00726,Material 726,RAW,A,EA
MAT-00727,Material 727,SEMI,B,EA
MAT-00728,Material 728,FINISHED,A,EA
MAT-00729,Material 729,RAW,C,EA
MAT-00730,Material 730,SEMI,B,EA
MAT-00731,Material 731,SEMI,B,EA
MAT-00732,Material 732,RAW,B,EA
MAT-00733,Material 733,RAW,B,EA
MAT-00734,Material 734,RAW,A,EA
MAT-00735,Material 735,RAW,D,EA
MAT-00736,Material 736,SEMI,D,EA
MAT-00737,Material 737,FINISHED,D,EA
MAT-00738,Material 738,RAW,C,EA
MAT-00739,Material 739,SEMI,A,EA
MAT-00740,Material 740,RAW,B,EA
MAT-00741,Material 741,FINISHED,A,EA
MAT-00742,Material 742,FINISHED,B,EA
MAT-00743,Material 743,SEMI,B,EA
MAT-00744,Material 744,RAW,A,EA
MAT-00745,Material 745,RAW,B,EA
MAT-00746,Material 746,RAW,B,EA
MAT-00747,Material 747,FINISHED,B,EA
MAT-00748,Material 748,RAW,A,EA
MAT-00749,Material 749,SEMI,B,EA
MAT-00750,Material 750,FINISHED,A,EA
MAT-00751,Material 751,SEMI,C,EA
MAT-00752,Material 752,SEMI,C,EA
MAT-00753,Material 753,RAW,A,EA
MAT-00754,Material 754,RAW,A,EA
MAT-00755,Material 755,RAW,B,EA
MAT-00756,Material 756,SEMI,D,EA
MAT-00757,Material 757,SEMI,B,EA
MAT-00758,Material 758,SEMI,C,EA
MAT-00759,Material 759,RAW,D,EA
MAT-00760,Material 760,SEMI,B,EA
MAT-00761,Material 761,FINISHED,B,EA
MAT-00762,Material 762,RAW,D,EA
MAT-00763,Material 763,SEMI,D,EA
MAT-00764,Material 764,RAW,D,EA
MAT-00765,Material 765,FINISHED,A,EA
MAT-00766,Material 766,SEMI,B,EA
MAT-00767,Material 767,RAW,D,EA
MAT-00768,Material 768,RAW,A,EA
MAT-00769,Material 769,SEMI,B,EA
MAT-00770,Material 770,SEMI,D,EA
MAT-00771,Material 771,RAW,D,EA
MAT-00772,Material 772,FINISHED,B,EA
MAT-00773,Material 773,FINISHED,C,EA
MAT-00774,Material 774,RAW,B,EA
MAT-00775,Material 775,RAW,C,EA
MAT-00776,Material 776,FINISHED,A,EA
MAT-00777,Material 777,RAW,B,EA
MAT-00778,Material 778,SEMI,D,EA
MAT-00779,Material 779,SEMI,B,EA
MAT-00780,Material 780,RAW,A,EA
MAT-00781,Material 781,FINISHED,C,EA
MAT-00782,Material 782,FINISHED,C,EA
MAT-00783,Material 783,RAW,C,EA
MAT-00784,Material 784,SEMI,C,EA
MAT-00785,Material 785,RAW,C,EA
MAT-00786,Material 786,FINISHED,D,EA
MAT-00787,Material 787,SEMI,B,EA
MAT-00788,Material 788,FINISHED,C,EA
MAT-00789,Material 789,FINISHED,B,EA
MAT-00790,Material 790,RAW,B,EA
MAT-00791,Material 791,SEMI,C,EA
MAT-00792,Material 792,RAW,D,EA
MAT-00793,Material 793,FINISHED,D,EA
MAT-00794,Material 794,SEMI,B,EA
MAT-00795,Material 795,FINISHED,B,EA
MAT-00796,Material 796,RAW,C,EA
MAT-00797,Material 797,RAW,A,EA
MAT-00798,Material 798,SEMI,C,EA
MAT-00799,Material 799,FINISHED,C,EA
MAT-00800,Material 800,RAW,D,EA
MAT-00801,Material 801,RAW,A,EA
MAT-00802,Material 802,SEMI,D,EA
MAT-00803,Material 803,RAW,B,EA
MAT-00804,Material 804,SEMI,B,EA
MAT-00805,Material 805,SEMI,C,EA
MAT-00806,Material 806,RAW,D,EA
MAT-00807,Material 807,RAW,C,EA
MAT-00808,Material 808,RAW,C,EA
MAT-00809,Material 809,SEMI,D,EA
MAT-00810,Material 810,SEMI,B,EA
MAT-00811,Material 811,RAW,D,EA
MAT-00812,Material 812,SEMI,C,EA
MAT-00813,Material 813,RAW,C,EA
MAT-00814,Material 814,SEMI,A,EA
MAT-00815,Material 815,SEMI,D,EA
MAT-00816,Material 816,FINISHED,C,EA
MAT-00817,Material 817,RAW,B,EA
MAT-00818,Material 818,SEMI,C,EA
MAT-00819,Material 819,FINISHED,A,EA
MAT-00820,Material 820,FINISHED,D,EA
MAT-00821,Material 821,RAW,C,EA
MAT-00822,Material 822,RAW,B,EA
MAT-00823,Material 823,SEMI,D,EA
MAT-00824,Material 824,SEMI,D,EA
MAT-00825,Material 825,FINISHED,B,EA
MAT-00826,Material 826,FINISHED,A,EA
MAT-00827,Material 827,RAW,B,EA
MAT-00828,Material 828,SEMI,C,EA
MAT-00829,Material 829,RAW,C,EA
MAT-00830,Material 830,SEMI,C,EA
MAT-00831,Material 831,RAW,C,EA
MAT-00832,Material 832,SEMI,B,EA
MAT-00833,Material 833,RAW,B,EA
MAT-00834,Material 834,RAW,D,EA
MAT-00835,Material 835,FINISHED,C,EA
MAT-00836,Material 836,RAW,C,EA
MAT-00837,Material 837,SEMI,B,EA
MAT-00838,Material 838,SEMI,A,EA
MAT-00839,Material 839,FINISHED,A,EA
MAT-00840,Material 840,FINISHED,B,EA
MAT-00841,Material 841,FINISHED,D,EA
MAT-00842,Material 842,RAW,A,EA
MAT-00843,Material 843,RAW,D,EA
MAT-00844,Material 844,SEMI,A,EA
MAT-00845,Material 845,SEMI,B,EA
MAT-00846,Material 846,FINISHED,B,EA
MAT-00847,Material 847,RAW,A,EA
MAT-00848,Material 848,RAW,B,EA
MAT-00849,Material 849,SEMI,B,EA
MAT-00850,Material 850,FINISHED,B,EA
MAT-00851,Material 851,FINISHED,C,EA
MAT-00852,Material 852,SEMI,B,EA
MAT-00853,Material 853,RAW,B,EA
MAT-00854,Material 854,RAW,D,EA
MAT-00855,Material 855,SEMI,A,EA
MAT-00856,Material 856,FINISHED,D,EA
MAT-00857,Material 857,RAW,C,EA
MAT-00858,Material 858,SEMI,C,EA
MAT-00859,Material 859,FINISHED,A,EA
MAT-00860,Material 860,RAW,D,EA
MAT-00861,Material 861,SEMI,A,EA
MAT-00862,Material 862,RAW,A,EA
MAT-00863,Material 863,RAW,A,EA
MAT-00864,Material 864,RAW,C,EA
MAT-00865,Material 865,SEMI,D,EA
MAT-00866,Material 866,SEMI,A,EA
MAT-00867,Material 867,SEMI,B,EA
MAT-00868,Material 868,RAW,A,EA
MAT-00869,Material 869,RAW,C,EA
MAT-00870,Material 870,FINISHED,B,EA
MAT-00871,Material 871,SEMI,A,EA
MAT-00872,Material 872,RAW,C,EA
MAT-00873,Material 873,FINISHED,A,EA
MAT-00874,Material 874,RAW,C,EA
MAT-00875,Material 875,RAW,B,EA
MAT-00876,Material 876,RAW,C,EA
MAT-00877,Material 877,RAW,A,EA
MAT-00878,Material 878,RAW,D,EA
MAT-00879,Material 879,FINISHED,D,EA
MAT-00880,Material 880,FINISHED,A,EA
MAT-00881,Material 881,SEMI,A,EA
MAT-00882,Material 882,RAW,D,EA
MAT-00883,Material 883,RAW,A,EA
MAT-00884,Material 884,RAW,B,EA
MAT-00885,Material 885,SEMI,B,EA
MAT-00886,Material 886,SEMI,B,EA
MAT-00887,Material 887,RAW,D,EA
MAT-00888,Material 888,RAW,C,EA
MAT-00889,Material 889,FINISHED,C,EA
MAT-00890,Material 890,RAW,C,EA
MAT-00891,Material 891,RAW,C,EA
MAT-00892,Material 892,RAW,C,EA
MAT-00893,Material 893,RAW,B,EA
MAT-00894,Material 894,SEMI,D,EA
MAT-00895,Material 895,SEMI,C,EA
MAT-00896,Material 896,FINISHED,D,EA
MAT-00897,Material 897,RAW,C,EA
MAT-00898,Material 898,FINISHED,B,EA
MAT-00899,Material 899,SEMI,C,EA
MAT-00900,Material 900,RAW,A,EA
MAT-00901,Material 901,SEMI,A,EA
MAT-00902,Material 902,SEMI,A,EA
MAT-00903,Material 903,SEMI,B,EA
MAT-00904,Material 904,RAW,A,EA
MAT-00905,Material 905,SEMI,C,EA
MAT-00906,Material 906,RAW,C,EA
MAT-00907,Material 907,FINISHED,B,EA
MAT-00908,Material 908,RAW,A,EA
MAT-00909,Material 909,SEMI,B,EA
MAT-00910,Material 910,SEMI,A,EA
MAT-00911,Material 911,RAW,C,EA
MAT-00912,Material 912,SEMI,C,EA
MAT-00913,Material 913,SEMI,C,EA
MAT-00914,Material 914,SEMI,D,EA
MAT-00915,Material 915,SEMI,C,EA
MAT-00916,Material 916,SEMI,B,EA
MAT-00917,Material 917,FINISHED,A,EA
MAT-00918,Material 918,SEMI,B,EA
MAT-00919,Material 919,FINISHED,B,EA
MAT-00920,Material 920,SEMI,A,EA
MAT-00921,Material 921,RAW,B,EA
MAT-00922,Material 922,RAW,A,EA
MAT-00923,Material 923,SEMI,A,EA
MAT-00924,Material 924,SEMI,D,EA
MAT-00925,Material 925,RAW,D,EA
MAT-00926,Material 926,RAW,C,EA
MAT-00927,Material 927,SEMI,B,EA
MAT-00928,Material 928,RAW,C,EA
MAT-00929,Material 929,RAW,B,EA
MAT-00930,Material 930,SEMI,D,EA
MAT-00931,Material 931,FINISHED,B,EA
MAT-00932,Material 932,SEMI,A,EA
MAT-00933,Material 933,FINISHED,A,EA
MAT-00934,Material 934,FINISHED,D,EA
MAT-00935,Material 935,RAW,B,EA
MAT-00936,Material 936,FINISHED,B,EA
MAT-00937,Material 937,RAW,C,EA
MAT-00938,Material 938,FINISHED,A,EA
MAT-00939,Material 939,SEMI,B,EA
MAT-00940,Material 940,RAW,C,EA
MAT-00941,Material 941,RAW,D,EA
MAT-00942,Material 942,FINISHED,C,EA
MAT-00943,Material 943,RAW,A,EA
MAT-00944,Material 944,FINISHED,A,EA
MAT-00945,Material 945,FINISHED,D,EA
MAT-00946,Material 946,SEMI,D,EA
MAT-00947,Material 947,FINISHED,B,EA
MAT-00948,Material 948,FINISHED,D,EA
MAT-00949,Material 949,FINISHED,A,EA
MAT-00950,Material 950,RAW,C,EA
MAT-00951,Material 951,SEMI,C,EA
MAT-00952,Material 952,RAW,D,EA
MAT-00953,Material 953,SEMI,A,EA
MAT-00954,Material 954,RAW,D,EA
MAT-00955,Material 955,SEMI,D,EA
MAT-00956,Material 956,SEMI,B,EA
MAT-00957,Material 957,SEMI,D,EA
MAT-00958,Material 958,FINISHED,B,EA
MAT-00959,Material 959,FINISHED,B,EA
MAT-00960,Material 960,RAW,D,EA
MAT-00961,Material 961,RAW,B,EA
MAT-00962,Material 962,RAW,D,EA
MAT-00963,Material 963,FINISHED,D,EA
MAT-00964,Material 964,SEMI,A,EA
MAT-00965,Material 965,FINISHED,D,EA
MAT-00966,Material 966,RAW,C,EA
MAT-00967,Material 967,RAW,B,EA
MAT-00968,Material 968,FINISHED,C,EA
MAT-00969,Material 969,FINISHED,C,EA
MAT-00970,Material 970,RAW,A,EA
MAT-00971,Material 971,RAW,A,EA
MAT-00972,Material 972,RAW,A,EA
MAT-00973,Material 973,FINISHED,A,EA
MAT-00974,Material 974,RAW,A,EA
MAT-00975,Material 975,RAW,B,EA
MAT-00976,Material 976,RAW,B,EA
MAT-00977,Material 977,FINISHED,C,EA
MAT-00978,Material 978,RAW,B,EA
MAT-00979,Material 979,RAW,C,EA
MAT-00980,Material 980,SEMI,B,EA
MAT-00981,Material 981,SEMI,B,EA
MAT-00982,Material 982,FINISHED,D,EA
MAT-00983,Material 983,RAW,D,EA
MAT-00984,Material 984,SEMI,C,EA
MAT-00985,Material 985,RAW,A,EA
MAT-00986,Material 986,RAW,D,EA
MAT-00987,Material 987,RAW,D,EA
MAT-00988,Material 988,RAW,D,EA
MAT-00989,Material 989,RAW,D,EA
MAT-00990,Material 990,FINISHED,D,EA
MAT-00991,Material 991,RAW,A,EA
MAT-00992,Material 992,RAW,D,EA
MAT-00993,Material 993,RAW,A,EA
MAT-00994,Material 994,FINISHED,C,EA
MAT-00995,Material 995,FINISHED,D,EA
MAT-00996,Material 996,RAW,D,EA
MAT-00997,Material 997,SEMI,C,EA
MAT-00998,Material 998,SEMI,B,EA
MAT-00999,Material 999,FINISHED,C,EA
MAT-01000,Material 1000,RAW,B,EA
MAT-01001,Material 1001,RAW,B,EA
MAT-01002,Material 1002,RAW,B,EA
MAT-01003,Material 1003,RAW,C,EA
MAT-01004,Material 1004,FINISHED,D,EA
MAT-01005,Material 1005,RAW,A,EA
MAT-01006,Material 1006,SEMI,C,EA
MAT-01007,Material 1007,SEMI,B,EA
MAT-01008,Material 1008,SEMI,D,EA
MAT-01009,Material 1009,RAW,B,EA
MAT-01010,Material 1010,SEMI,D,EA
MAT-01011,Material 1011,RAW,B,EA
MAT-01012,Material 1012,RAW,A,EA
MAT-01013,Material 1013,SEMI,D,EA
MAT-01014,Material 1014,RAW,C,EA
MAT-01015,Material 1015,SEMI,C,EA
MAT-01016,Material 1016,RAW,B,EA
MAT-01017,Material 1017,RAW,C,EA
MAT-01018,Material 1018,FINISHED,B,EA
MAT-01019,Material 1019,RAW,A,EA
MAT-01020,Material 1020,RAW,C,EA
MAT-01021,Material 1021,FINISHED,A,EA
MAT-01022,Material 1022,RAW,B,EA
MAT-01023,Material 1023,FINISHED,A,EA
MAT-01024,Material 1024,RAW,B,EA
MAT-01025,Material 1025,RAW,D,EA
MAT-01026,Material 1026,RAW,B,EA
MAT-01027,Material 1027,RAW,C,EA
MAT-01028,Material 1028,SEMI,C,EA
MAT-01029,Material 1029,RAW,B,EA
MAT-01030,Material 1030,RAW,B,EA
MAT-01031,Material 1031,SEMI,C,EA
MAT-01032,Material 1032,RAW,A,EA
MAT-01033,Material 1033,RAW,A,EA
MAT-01034,Material 1034,RAW,D,EA
MAT-01035,Material 1035,RAW,B,EA
MAT-01036,Material 1036,SEMI,A,EA
MAT-01037,Material 1037,SEMI,D,EA
MAT-01038,Material 1038,SEMI,B,EA
MAT-01039,Material 1039,RAW,A,EA
MAT-01040,Material 1040,SEMI,D,EA
MAT-01041,Material 1041,SEMI,A,EA
MAT-01042,Material 1042,RAW,C,EA
MAT-01043,Material 1043,SEMI,A,EA
MAT-01044,Material 1044,FINISHED,C,EA
MAT-01045,Material 1045,RAW,A,EA
MAT-01046,Material 1046,SEMI,D,EA
MAT-01047,Material 1047,FINISHED,B,EA
MAT-01048,Material 1048,SEMI,C,EA
MAT-01049,Material 1049,RAW,B,EA
MAT-01050,Material 1050,FINISHED,B,EA
MAT-01051,Material 1051,RAW,D,EA
MAT-01052,Material 1052,RAW,A,EA
MAT-01053,Material 1053,RAW,B,EA
MAT-01054,Material 1054,SEMI,B,EA
MAT-01055,Material 1055,RAW,C,EA
MAT-01056,Material 1056,FINISHED,A,EA
MAT-01057,Material 1057,RAW,C,EA
MAT-01058,Material 1058,RAW,C,EA
MAT-01059,Material 1059,SEMI,A,EA
MAT-01060,Material 1060,RAW,B,EA
MAT-01061,Material 1061,RAW,A,EA
MAT-01062,Material 1062,SEMI,A,EA
MAT-01063,Material 1063,SEMI,C,EA
MAT-01064,Material 1064,RAW,A,EA
MAT-01065,Material 1065,FINISHED,C,EA
MAT-01066,Material 1066,SEMI,D,EA
MAT-01067,Material 1067,RAW,D,EA
MAT-01068,Material 1068,SEMI,B,EA
MAT-01069,Material 1069,RAW,A,EA
MAT-01070,Material 1070,SEMI,A,EA
MAT-01071,Material 1071,FINISHED,B,EA
MAT-01072,Material 1072,SEMI,C,EA
MAT-01073,Material 1073,SEMI,A,EA
MAT-01074,Material 1074,SEMI,B,EA
MAT-01075,Material 1075,RAW,D,EA
MAT-01076,Material 1076,RAW,A,EA
MAT-01077,Material 1077,RAW,D,EA
MAT-01078,Material 1078,RAW,D,EA
MAT-01079,Material 1079,RAW,A,EA
MAT-01080,Material 1080,RAW,D,EA
MAT-01081,Material 1081,RAW,A,EA
MAT-01082,Material 1082,RAW,C,EA
MAT-01083,Material 1083,SEMI,A,EA
MAT-01084,Material 1084,RAW,C,EA
MAT-01085,Material 1085,RAW,B,EA
MAT-01086,Material 1086,FINISHED,C,EA
MAT-01087,Material 1087,RAW,C,EA
MAT-01088,Material 1088,FINISHED,A,EA
MAT-01089,Material 1089,RAW,B,EA
MAT-01090,Material 1090,RAW,C,EA
MAT-01091,Material 1091,SEMI,D,EA
MAT-01092,Material 1092,FINISHED,A,EA
MAT-01093,Material 1093,SEMI,A,EA
MAT-01094,Material 1094,SEMI,D,EA
MAT-01095,Material 1095,SEMI,C,EA
MAT-01096,Material 1096,RAW,B,EA
MAT-01097,Material 1097,RAW,D,EA
MAT-01098,Material 1098,RAW,B,EA
MAT-01099,Material 1099,SEMI,A,EA
MAT-01100,Material 1100,SEMI,B,EA
MAT-01101,Material 1101,FINISHED,A,EA
MAT-01102,Material 1102,SEMI,C,EA
MAT-01103,Material 1103,FINISHED,C,EA
MAT-01104,Material 1104,SEMI,C,EA
MAT-01105,Material 1105,RAW,D,EA
MAT-01106,Material 1106,SEMI,C,EA
MAT-01107,Material 1107,RAW,D,EA
MAT-01108,Material 1108,SEMI,C,EA
MAT-01109,Material 1109,RAW,B,EA
MAT-01110,Material 1110,RAW,C,EA
MAT-01111,Material 1111,FINISHED,C,EA
MAT-01112,Material 1112,RAW,C,EA
MAT-01113,Material 1113,SEMI,B,EA
MAT-01114,Material 1114,SEMI,A,EA
MAT-01115,Material 1115,FINISHED,D,EA
MAT-01116,Material 1116,FINISHED,D,EA
MAT-01117,Material 1117,FINISHED,B,EA
MAT-01118,Material 1118,FINISHED,A,EA
MAT-01119,Material 1119,SEMI,B,EA
MAT-01120,Material 1120,SEMI,C,EA
MAT-01121,Material 1121,RAW,C,EA
MAT-01122,Material 1122,FINISHED,D,EA
MAT-01123,Material 1123,FINISHED,D,EA
MAT-01124,Material 1124,RAW,D,EA
MAT-01125,Material 1125,RAW,A,EA
MAT-01126,Material 1126,SEMI,D,EA
MAT-01127,Material 1127,RAW,C,EA
MAT-01128,Material 1128,RAW,B,EA
MAT-01129,Material 1129,RAW,C,EA
MAT-01130,Material 1130,FINISHED,D,EA
MAT-01131,Material 1131,SEMI,D,EA
MAT-01132,Material 1132,RAW,D,EA
MAT-01133,Material 1133,RAW,A,EA
MAT-01134,Material 1134,SEMI,A,EA
MAT-01135,Material 1135,RAW,B,EA
MAT-01136,Material 1136,SEMI,A,EA
MAT-01137,Material 1137,RAW,A,EA
MAT-01138,Material 1138,RAW,D,EA
MAT-01139,Material 1139,RAW,C,EA
MAT-01140,Material 1140,RAW,C,EA
MAT-01141,Material 1141,SEMI,C,EA
MAT-01142,Material 1142,SEMI,B,EA
MAT-01143,Material 1143,SEMI,C,EA
MAT-01144,Material 1144,RAW,A,EA
MAT-01145,Material 1145,RAW,C,EA
MAT-01146,Material 1146,RAW,C,EA
MAT-01147,Material 1147,SEMI,B,EA
MAT-01148,Material 1148,SEMI,B,EA
MAT-01149,Material 1149,RAW,C,EA
MAT-01150,Material 1150,SEMI,A,EA
MAT-01151,Material 1151,RAW,D,EA
MAT-01152,Material 1152,RAW,C,EA
MAT-01153,Material 1153,RAW,B,EA
MAT-01154,Material 1154,SEMI,C,EA
MAT-01155,Material 1155,RAW,D,EA
MAT-01156,Material 1156,RAW,C,EA
MAT-01157,Material 1157,RAW,A,EA
MAT-01158,Material 1158,SEMI,C,EA
MAT-01159,Material 1159,RAW,C,EA
MAT-01160,Material 1160,SEMI,D,EA
MAT-01161,Material 1161,RAW,A,EA
MAT-01162,Material 1162,RAW,A,EA
MAT-01163,Material 1163,SEMI,B,EA
MAT-01164,Material 1164,RAW,B,EA
MAT-01165,Material 1165,RAW,C,EA
MAT-01166,Material 1166,RAW,B,EA
MAT-01167,Material 1167,RAW,C,EA
MAT-01168,Material 1168,RAW,C,EA
MAT-01169,Material 1169,RAW,A,EA
MAT-01170,Material 1170,RAW,C,EA
MAT-01171,Material 1171,SEMI,C,EA
MAT-01172,Material 1172,RAW,A,EA
MAT-01173,Material 1173,RAW,D,EA
MAT-01174,Material 1174,SEMI,C,EA
MAT-01175,Material 1175,SEMI,D,EA
MAT-01176,Material 1176,FINISHED,C,EA
MAT-01177,Material 1177,FINISHED,A,EA
MAT-01178,Material 1178,RAW,A,EA
MAT-01179,Material 1179,FINISHED,D,EA
MAT-01180,Material 1180,RAW,B,EA
MAT-01181,Material 1181,RAW,D,EA
MAT-01182,Material 1182,FINISHED,D,EA
MAT-01183,Material 1183,FINISHED,A,EA
MAT-01184,Material 1184,SEMI,D,EA
MAT-01185,Material 1185,SEMI,B,EA
MAT-01186,Material 1186,SEMI,A,EA
MAT-01187,Material 1187,RAW,C,EA
MAT-01188,Material 1188,RAW,C,EA
MAT-01189,Material 1189,RAW,A,EA
MAT-01190,Material 1190,RAW,B,EA
MAT-01191,Material 1191,FINISHED,B,EA
MAT-01192,Material 1192,SEMI,B,EA
MAT-01193,Material 1193,FINISHED,C,EA
MAT-01194,Material 1194,FINISHED,B,EA
MAT-01195,Material 1195,RAW,B,EA
MAT-01196,Material 1196,FINISHED,A,EA
MAT-01197,Material 1197,RAW,C,EA
MAT-01198,Material 1198,SEMI,C,EA
MAT-01199,Material 1199,SEMI,A,EA
MAT-01200,Material 1200,RAW,C,EA
MAT-01201,Material 1201,RAW,A,EA
MAT-01202,Material 1202,RAW,D,EA
MAT-01203,Material 1203,RAW,A,EA
MAT-01204,Material 1204,RAW,B,EA
MAT-01205,Material 1205,SEMI,B,EA
MAT-01206,Material 1206,RAW,A,EA
MAT-01207,Material 1207,SEMI,D,EA
MAT-01208,Material 1208,FINISHED,D,EA
MAT-01209,Material 1209,RAW,C,EA
MAT-01210,Material 1210,SEMI,D,EA
MAT-01211,Material 1211,FINISHED,C,EA
MAT-01212,Material 1212,FINISHED,B,EA
MAT-01213,Material 1213,RAW,B,EA
MAT-01214,Material 1214,RAW,B,EA
MAT-01215,Material 1215,RAW,C,EA
MAT-01216,Material 1216,SEMI,B,EA
MAT-01217,Material 1217,SEMI,A,EA
MAT-01218,Material 1218,SEMI,B,EA
MAT-01219,Material 1219,RAW,C,EA
MAT-01220,Material 1220,SEMI,D,EA
MAT-01221,Material 1221,RAW,A,EA
MAT-01222,Material 1222,SEMI,D,EA
MAT-01223,Material 1223,SEMI,D,EA
MAT-01224,Material 1224,RAW,D,EA
MAT-01225,Material 1225,FINISHED,A,EA
MAT-01226,Material 1226,SEMI,B,EA
MAT-01227,Material 1227,SEMI,B,EA
MAT-01228,Material 1228,SEMI,D,EA
MAT-01229,Material 1229,FINISHED,B,EA
MAT-01230,Material 1230,SEMI,C,EA
MAT-01231,Material 1231,RAW,A,EA
MAT-01232,Material 1232,RAW,A,EA
MAT-01233,Material 1233,RAW,C,EA
MAT-01234,Material 1234,RAW,B,EA
MAT-01235,Material 1235,RAW,C,EA
MAT-01236,Material 1236,RAW,B,EA
MAT-01237,Material 1237,SEMI,C,EA
MAT-01238,Material 1238,RAW,B,EA
MAT-01239,Material 1239,RAW,D,EA
MAT-01240,Material 1240,RAW,A,EA
MAT-01241,Material 1241,FINISHED,D,EA
MAT-01242,Material 1242,RAW,D,EA
MAT-01243,Material 1243,FINISHED,A,EA
MAT-01244,Material 1244,FINISHED,A,EA
MAT-01245,Material 1245,SEMI,B,EA
MAT-01246,Material 1246,SEMI,A,EA
MAT-01247,Material 1247,RAW,B,EA
MAT-01248,Material 1248,SEMI,D,EA
MAT-01249,Material 1249,SEMI,D,EA
MAT-01250,Material 1250,FINISHED,D,EA
MAT-01251,Material 1251,RAW,A,EA
MAT-01252,Material 1252,FINISHED,C,EA
MAT-01253,Material 1253,SEMI,D,EA
MAT-01254,Material 1254,RAW,C,EA
MAT-01255,Material 1255,RAW,A,EA
MAT-01256,Material 1256,RAW,C,EA
MAT-01257,Material 1257,RAW,A,EA
MAT-01258,Material 1258,RAW,B,EA
MAT-01259,Material 1259,FINISHED,A,EA
MAT-01260,Material 1260,RAW,D,EA
MAT-01261,Material 1261,SEMI,C,EA
MAT-01262,Material 1262,SEMI,A,EA
MAT-01263,Material 1263,RAW,D,EA
MAT-01264,Material 1264,RAW,D,EA
MAT-01265,Material 1265,RAW,C,EA
MAT-01266,Material 1266,RAW,C,EA
MAT-01267,Material 1267,SEMI,B,EA
MAT-01268,Material 1268,RAW,D,EA
MAT-01269,Material 1269,RAW,A,EA
MAT-01270,Material 1270,RAW,A,EA
MAT-01271,Material 1271,RAW,A,EA
MAT-01272,Material 1272,RAW,D,EA
MAT-01273,Material 1273,SEMI,A,EA
MAT-01274,Material 1274,SEMI,C,EA
MAT-01275,Material 1275,SEMI,B,EA
MAT-01276,Material 1276,RAW,D,EA
MAT-01277,Material 1277,RAW,A,EA
MAT-01278,Material 1278,SEMI,B,EA
MAT-01279,Material 1279,RAW,B,EA
MAT-01280,Material 1280,SEMI,D,EA
MAT-01281,Material 1281,SEMI,C,EA
MAT-01282,Material 1282,FINISHED,C,EA
MAT-01283,Material 1283,FINISHED,B,EA
MAT-01284,Material 1284,RAW,B,EA
MAT-01285,Material 1285,SEMI,A,EA
MAT-01286,Material 1286,RAW,A,EA
MAT-01287,Material 1287,RAW,D,EA
MAT-01288,Material 1288,FINISHED,C,EA
MAT-01289,Material 1289,SEMI,A,EA
MAT-01290,Material 1290,RAW,A,EA
MAT-01291,Material 1291,SEMI,B,EA
MAT-01292,Material 1292,FINISHED,B,EA
MAT-01293,Material 1293,RAW,C,EA
MAT-01294,Material 1294,RAW,D,EA
MAT-01295,Material 1295,SEMI,A,EA
MAT-01296,Material 1296,FINISHED,B,EA
MAT-01297,Material 1297,SEMI,B,EA
MAT-01298,Material 1298,FINISHED,A,EA
MAT-01299,Material 1299,SEMI,A,EA
MAT-01300,Material 1300,SEMI,C,EA
MAT-01301,Material 1301,SEMI,D,EA
MAT-01302,Material 1302,SEMI,C,EA
MAT-01303,Material 1303,RAW,A,EA
MAT-01304,Material 1304,RAW,D,EA
MAT-01305,Material 1305,RAW,B,EA
MAT-01306,Material 1306,RAW,A,EA
MAT-01307,Material 1307,RAW,A,EA
MAT-01308,Material 1308,FINISHED,B,EA
MAT-01309,Material 1309,RAW,C,EA
MAT-01310,Material 1310,RAW,C,EA
MAT-01311,Material 1311,RAW,B,EA
MAT-01312,Material 1312,RAW,D,EA
MAT-01313,Material 1313,FINISHED,A,EA
MAT-01314,Material 1314,RAW,B,EA
MAT-01315,Material 1315,SEMI,B,EA
MAT-01316,Material 1316,FINISHED,C,EA
MAT-01317,Material 1317,FINISHED,A,EA
MAT-01318,Material 1318,RAW,B,EA
MAT-01319,Material 1319,RAW,D,EA
MAT-01320,Material 1320,SEMI,A,EA
MAT-01321,Material 1321,RAW,A,EA
MAT-01322,Material 1322,RAW,D,EA
MAT-01323,Material 1323,RAW,D,EA
MAT-01324,Material 1324,FINISHED,A,EA
MAT-01325,Material 1325,SEMI,D,EA
MAT-01326,Material 1326,FINISHED,B,EA
MAT-01327,Material 1327,RAW,C,EA
MAT-01328,Material 1328,RAW,C,EA
MAT-01329,Material 1329,RAW,C,EA
MAT-01330,Material 1330,SEMI,B,EA
MAT-01331,Material 1331,RAW,D,EA
MAT-01332,Material 1332,RAW,A,EA
MAT-01333,Material 1333,RAW,A,EA
MAT-01334,Material 1334,SEMI,D,EA
MAT-01335,Material 1335,RAW,B,EA
MAT-01336,Material 1336,SEMI,A,EA
MAT-01337,Material 1337,RAW,D,EA
MAT-01338,Material 1338,FINISHED,D,EA
MAT-01339,Material 1339,RAW,B,EA
MAT-01340,Material 1340,FINISHED,A,EA
MAT-01341,Material 1341,RAW,B,EA
MAT-01342,Material 1342,FINISHED,A,EA
MAT-01343,Material 1343,FINISHED,C,EA
MAT-01344,Material 1344,RAW,D,EA
MAT-01345,Material 1345,RAW,B,EA
MAT-01346,Material 1346,RAW,A,EA
MAT-01347,Material 1347,SEMI,C,EA
MAT-01348,Material 1348,FINISHED,A,EA
MAT-01349,Material 1349,FINISHED,A,EA
MAT-01350,Material 1350,FINISHED,A,EA
MAT-01351,Material 1351,RAW,B,EA
MAT-01352,Material 1352,RAW,D,EA
MAT-01353,Material 1353,SEMI,A,EA
MAT-01354,Material 1354,FINISHED,C,EA
MAT-01355,Material 1355,SEMI,A,EA
MAT-01356,Material 1356,RAW,B,EA
MAT-01357,Material 1357,FINISHED,B,EA
MAT-01358,Material 1358,FINISHED,C,EA
MAT-01359,Material 1359,RAW,A,EA
MAT-01360,Material 1360,SEMI,B,EA
MAT-01361,Material 1361,RAW,A,EA
MAT-01362,Material 1362,FINISHED,A,EA
MAT-01363,Material 1363,RAW,D,EA
MAT-01364,Material 1364,RAW,C,EA
MAT-01365,Material 1365,FINISHED,C,EA
MAT-01366,Material 1366,RAW,D,EA
MAT-01367,Material 1367,RAW,D,EA
MAT-01368,Material 1368,RAW,D,EA
MAT-01369,Material 1369,RAW,D,EA
MAT-01370,Material 1370,RAW,B,EA
MAT-01371,Material 1371,SEMI,C,EA
MAT-01372,Material 1372,RAW,B,EA
MAT-01373,Material 1373,FINISHED,D,EA
MAT-01374,Material 1374,RAW,C,EA
MAT-01375,Material 1375,RAW,B,EA
MAT-01376,Material 1376,FINISHED,A,EA
MAT-01377,Material 1377,FINISHED,B,EA
MAT-01378,Material 1378,SEMI,A,EA
MAT-01379,Material 1379,SEMI,D,EA
MAT-01380,Material 1380,RAW,D,EA
MAT-01381,Material 1381,RAW,A,EA
MAT-01382,Material 1382,FINISHED,D,EA
MAT-01383,Material 1383,SEMI,C,EA
MAT-01384,Material 1384,RAW,D,EA
MAT-01385,Material 1385,SEMI,D,EA
MAT-01386,Material 1386,RAW,D,EA
MAT-01387,Material 1387,RAW,A,EA
MAT-01388,Material 1388,RAW,C,EA
MAT-01389,Material 1389,RAW,B,EA
MAT-01390,Material 1390,FINISHED,D,EA
MAT-01391,Material 1391,SEMI,D,EA
MAT-01392,Material 1392,SEMI,A,EA
MAT-01393,Material 1393,SEMI,D,EA
MAT-01394,Material 1394,RAW,A,EA
MAT-01395,Material 1395,RAW,D,EA
MAT-01396,Material 1396,RAW,D,EA
MAT-01397,Material 1397,RAW,B,EA
MAT-01398,Material 1398,RAW,D,EA
MAT-01399,Material 1399,SEMI,D,EA
MAT-01400,Material 1400,RAW,A,EA
MAT-01401,Material 1401,RAW,C,EA
MAT-01402,Material 1402,FINISHED,D,EA
MAT-01403,Material 1403,SEMI,C,EA
MAT-01404,Material 1404,RAW,D,EA
MAT-01405,Material 1405,SEMI,A,EA
MAT-01406,Material 1406,RAW,C,EA
MAT-01407,Material 1407,RAW,D,EA
MAT-01408,Material 1408,RAW,C,EA
MAT-01409,Material 1409,SEMI,C,EA
MAT-01410,Material 1410,RAW,A,EA
MAT-01411,Material 1411,RAW,D,EA
MAT-01412,Material 1412,SEMI,D,EA
MAT-01413,Material 1413,RAW,B,EA
MAT-01414,Material 1414,FINISHED,B,EA
MAT-01415,Material 1415,RAW,B,EA
MAT-01416,Material 1416,SEMI,A,EA
MAT-01417,Material 1417,SEMI,A,EA
MAT-01418,Material 1418,FINISHED,A,EA
MAT-01419,Material 1419,SEMI,C,EA
MAT-01420,Material 1420,RAW,A,EA
MAT-01421,Material 1421,RAW,D,EA
MAT-01422,Material 1422,SEMI,A,EA
MAT-01423,Material 1423,FINISHED,A,EA
MAT-01424,Material 1424,RAW,C,EA
MAT-01425,Material 1425,RAW,D,EA
MAT-01426,Material 1426,SEMI,D,EA
MAT-01427,Material 1427,RAW,B,EA
MAT-01428,Material 1428,SEMI,A,EA
MAT-01429,Material 1429,SEMI,C,EA
MAT-01430,Material 1430,SEMI,D,EA
MAT-01431,Material 1431,SEMI,D,EA
MAT-01432,Material 1432,RAW,D,EA
MAT-01433,Material 1433,RAW,D,EA
MAT-01434,Material 1434,SEMI,D,EA
MAT-01435,Material 1435,FINISHED,B,EA
MAT-01436,Material 1436,RAW,D,EA
MAT-01437,Material 1437,SEMI,B,EA
MAT-01438,Material 1438,RAW,A,EA
MAT-01439,Material 1439,SEMI,B,EA
MAT-01440,Material 1440,SEMI,A,EA
MAT-01441,Material 1441,FINISHED,A,EA
MAT-01442,Material 1442,RAW,D,EA
MAT-01443,Material 1443,SEMI,D,EA
MAT-01444,Material 1444,RAW,D,EA
MAT-01445,Material 1445,RAW,C,EA
MAT-01446,Material 1446,RAW,A,EA
MAT-01447,Material 1447,RAW,D,EA
MAT-01448,Material 1448,RAW,C,EA
MAT-01449,Material 1449,FINISHED,D,EA
MAT-01450,Material 1450,SEMI,D,EA
MAT-01451,Material 1451,FINISHED,A,EA
MAT-01452,Material 1452,SEMI,C,EA
MAT-01453,Material 1453,RAW,A,EA
MAT-01454,Material 1454,SEMI,B,EA
MAT-01455,Material 1455,RAW,C,EA
MAT-01456,Material 1456,RAW,A,EA
MAT-01457,Material 1457,SEMI,C,EA
MAT-01458,Material 1458,FINISHED,D,EA
MAT-01459,Material 1459,RAW,D,EA
MAT-01460,Material 1460,RAW,B,EA
MAT-01461,Material 1461,RAW,D,EA
MAT-01462,Material 1462,FINISHED,D,EA
MAT-01463,Material 1463,SEMI,A,EA
MAT-01464,Material 1464,FINISHED,C,EA
MAT-01465,Material 1465,RAW,D,EA
MAT-01466,Material 1466,FINISHED,D,EA
MAT-01467,Material 1467,RAW,A,EA
MAT-01468,Material 1468,RAW,C,EA
MAT-01469,Material 1469,FINISHED,D,EA
MAT-01470,Material 1470,SEMI,A,EA
MAT-01471,Material 1471,FINISHED,C,EA
MAT-01472,Material 1472,SEMI,A,EA
MAT-01473,Material 1473,RAW,D,EA
MAT-01474,Material 1474,SEMI,A,EA
MAT-01475,Material 1475,FINISHED,D,EA
MAT-01476,Material 1476,SEMI,A,EA
MAT-01477,Material 1477,RAW,C,EA
MAT-01478,Material 1478,RAW,C,EA
MAT-01479,Material 1479,SEMI,D,EA
MAT-01480,Material 1480,RAW,B,EA
MAT-01481,Material 1481,SEMI,B,EA
MAT-01482,Material 1482,RAW,A,EA
MAT-01483,Material 1483,SEMI,A,EA
MAT-01484,Material 1484,RAW,B,EA
MAT-01485,Material 1485,RAW,A,EA
MAT-01486,Material 1486,FINISHED,A,EA
MAT-01487,Material 1487,RAW,B,EA
MAT-01488,Material 1488,FINISHED,C,EA
MAT-01489,Material 1489,RAW,D,EA
MAT-01490,Material 1490,FINISHED,D,EA
MAT-01491,Material 1491,FINISHED,B,EA
MAT-01492,Material 1492,RAW,B,EA
MAT-01493,Material 1493,SEMI,C,EA
MAT-01494,Material 1494,RAW,A,EA
MAT-01495,Material 1495,FINISHED,B,EA
MAT-01496,Material 1496,SEMI,D,EA
MAT-01497,Material 1497,FINISHED,C,EA
MAT-01498,Material 1498,RAW,C,EA
MAT-01499,Material 1499,SEMI,A,EA
MAT-01500,Material 1500,SEMI,A,EA
