Equipment_ID,Plant_ID,Manufacturer,Serial_Number,Construction_Year,Equipment_Type_Desc,Equipment_Type_Code
PLNT1_WC001_EQP01,PLNT1,Siemens,SN-5406468925,2021,Manual,M
PLNT1_WC001_EQP02,PLNT1,KUKA,SN-5876543606,2022,Automated,A
PLNT1_WC001_EQP03,PLNT1,Siemens,SN-9186334532,2019,Automated,A
PLNT1_WC001_EQP04,PLNT1,KUKA,SN-5056883692,2014,Automated,A
PLNT1_WC001_EQP05,PLNT1,Siemens,SN-0395447810,2013,Manual,M
PLNT1_WC001_EQP06,PLNT1,Bosch,SN-1559188148,2017,Manual,M
PLNT1_WC001_EQP07,PLNT1,GE,SN-1225878208,2013,Automated,A
PLNT1_WC001_EQP08,PLNT1,KUKA,SN-1768584598,2019,Automated,A
PLNT1_WC001_EQP09,PLNT1,Bosch,SN-7526817981,2015,Automated,A
PLNT1_WC001_EQP10,PLNT1,KUKA,SN-9754101319,2022,Automated,A
PLNT1_WC002_EQP01,PLNT1,Fanuc,SN-7222134853,2020,Manual,M
PLNT1_WC002_EQP02,PLNT1,ABB,SN-1748288999,2016,Automated,A
PLNT1_WC002_EQP03,PLNT1,Siemens,SN-2661504566,2021,Manual,M
PLNT1_WC002_EQP04,PLNT1,Bosch,SN-8365334263,2018,Automated,A
PLNT1_WC002_EQP05,PLNT1,Siemens,SN-5432088615,2013,Manual,M
PLNT1_WC002_EQP06,PLNT1,KUKA,SN-0763848057,2017,Automated,A
PLNT1_WC002_EQP07,PLNT1,KUKA,SN-5403334985,2020,Manual,M
PLNT1_WC002_EQP08,PLNT1,ABB,SN-9680453229,2018,Manual,M
PLNT1_WC002_EQP09,PLNT1,KUKA,SN-8234068300,2019,Automated,A
PLNT1_WC002_EQP10,PLNT1,Siemens,SN-3070654864,2015,Automated,A
PLNT1_WC003_EQP01,PLNT1,ABB,SN-7967546588,2018,Arc,A
PLNT1_WC003_EQP02,PLNT1,GE,SN-9565638393,2022,MIG,M
PLNT1_WC003_EQP03,PLNT1,KUKA,SN-7447220759,2021,MIG,M
PLNT1_WC003_EQP04,PLNT1,Siemens,SN-1435546707,2015,MIG,M
PLNT1_WC003_EQP05,PLNT1,Fanuc,SN-0471355794,2019,MIG,M
PLNT1_WC003_EQP06,PLNT1,KUKA,SN-9850627452,2019,TIG,T
PLNT1_WC003_EQP07,PLNT1,ABB,SN-7464431621,2016,MIG,M
PLNT1_WC003_EQP08,PLNT1,GE,SN-9594875238,2019,MIG,M
PLNT1_WC003_EQP09,PLNT1,ABB,SN-0329364102,2018,TIG,T
PLNT1_WC003_EQP10,PLNT1,Siemens,SN-4675771751,2013,TIG,T
PLNT1_WC004_EQP01,PLNT1,Siemens,SN-6966764616,2020,Automated,A
PLNT1_WC004_EQP02,PLNT1,Fanuc,SN-6814503116,2020,Automated,A
PLNT1_WC004_EQP03,PLNT1,GE,SN-5491289659,2021,Manual,M
PLNT1_WC004_EQP04,PLNT1,Siemens,SN-7118632103,2013,Automated,A
PLNT1_WC004_EQP05,PLNT1,ABB,SN-0226307042,2018,Automated,A
PLNT1_WC004_EQP06,PLNT1,KUKA,SN-1738503405,2019,Manual,M
PLNT1_WC004_EQP07,PLNT1,Bosch,SN-2503536438,2013,Manual,M
PLNT1_WC004_EQP08,PLNT1,GE,SN-5100309217,2018,Automated,A
PLNT1_WC004_EQP09,PLNT1,GE,SN-4544693547,2022,Automated,A
PLNT1_WC004_EQP10,PLNT1,ABB,SN-1423428359,2018,Automated,A
PLNT1_WC005_EQP01,PLNT1,GE,SN-5008607032,2021,Manual,M
PLNT1_WC005_EQP02,PLNT1,GE,SN-8045290146,2019,Automated,A
PLNT1_WC005_EQP03,PLNT1,ABB,SN-2287151534,2019,Manual,M
PLNT1_WC005_EQP04,PLNT1,KUKA,SN-5931876294,2018,Manual,M
PLNT1_WC005_EQP05,PLNT1,ABB,SN-8200931810,2020,Automated,A
PLNT1_WC005_EQP06,PLNT1,Bosch,SN-1334415912,2018,Manual,M
PLNT1_WC005_EQP07,PLNT1,Bosch,SN-0480383878,2016,Automated,A
PLNT1_WC005_EQP08,PLNT1,Siemens,SN-1726623177,2022,Manual,M
PLNT1_WC005_EQP09,PLNT1,Fanuc,SN-6794834048,2022,Manual,M
PLNT1_WC005_EQP10,PLNT1,ABB,SN-9230324648,2018,Automated,A
PLNT1_WC006_EQP01,PLNT1,GE,SN-0693431237,2017,Generic Equipment,GE
PLNT1_WC006_EQP02,PLNT1,Fanuc,SN-6339879130,2015,Generic Equipment,GE
PLNT1_WC006_EQP03,PLNT1,ABB,SN-3767581827,2017,Generic Equipment,GE
PLNT1_WC006_EQP04,PLNT1,Bosch,SN-3713102137,2019,Generic Equipment,GE
PLNT1_WC006_EQP05,PLNT1,Bosch,SN-0070430908,2018,Generic Equipment,GE
PLNT1_WC006_EQP06,PLNT1,Siemens,SN-9809088047,2015,Generic Equipment,GE
PLNT1_WC006_EQP07,PLNT1,Siemens,SN-9726742189,2018,Generic Equipment,GE
PLNT1_WC006_EQP08,PLNT1,Fanuc,SN-9597259586,2016,Generic Equipment,GE
PLNT1_WC006_EQP09,PLNT1,Bosch,SN-3010860061,2020,Generic Equipment,GE
PLNT1_WC006_EQP10,PLNT1,Fanuc,SN-1904236607,2018,Generic Equipment,GE
PLNT1_WC007_EQP01,PLNT1,KUKA,SN-8353730763,2020,Workstation,W
PLNT1_WC007_EQP02,PLNT1,KUKA,SN-1600996782,2015,Robot,R
PLNT1_WC007_EQP03,PLNT1,GE,SN-5707425640,2015,Workstation,W
PLNT1_WC007_EQP04,PLNT1,Bosch,SN-1765028000,2020,Workstation,W
PLNT1_WC007_EQP05,PLNT1,Bosch,SN-5041933486,2015,Workstation,W
PLNT1_WC007_EQP06,PLNT1,Fanuc,SN-7369384822,2013,Workstation,W
PLNT1_WC007_EQP07,PLNT1,Siemens,SN-2272882137,2017,Workstation,W
PLNT1_WC007_EQP08,PLNT1,Bosch,SN-7330151813,2015,Robot,R
PLNT1_WC007_EQP09,PLNT1,ABB,SN-7828637556,2017,Robot,R
PLNT1_WC007_EQP10,PLNT1,GE,SN-4082853698,2018,Workstation,W
PLNT1_WC008_EQP01,PLNT1,Fanuc,SN-7392377197,2018,MIG,M
PLNT1_WC008_EQP02,PLNT1,ABB,SN-6373556665,2014,Arc,A
PLNT1_WC008_EQP03,PLNT1,GE,SN-0497364192,2017,TIG,T
PLNT1_WC008_EQP04,PLNT1,Fanuc,SN-1288742855,2013,TIG,T
PLNT1_WC008_EQP05,PLNT1,GE,SN-6458669078,2018,TIG,T
PLNT1_WC008_EQP06,PLNT1,Fanuc,SN-6951977833,2013,MIG,M
PLNT1_WC008_EQP07,PLNT1,Bosch,SN-9531012885,2014,TIG,T
PLNT1_WC008_EQP08,PLNT1,Siemens,SN-2529673524,2013,MIG,M
PLNT1_WC008_EQP09,PLNT1,Fanuc,SN-2516641997,2015,MIG,M
PLNT1_WC008_EQP10,PLNT1,GE,SN-4396802625,2016,Arc,A
PLNT1_WC009_EQP01,PLNT1,ABB,SN-5953447035,2015,Horizontal,H
PLNT1_WC009_EQP02,PLNT1,Bosch,SN-5480110763,2018,Horizontal,H
PLNT1_WC009_EQP03,PLNT1,Siemens,SN-3754814621,2022,Vertical,V
PLNT1_WC009_EQP04,PLNT1,KUKA,SN-7020972686,2017,Horizontal,H
PLNT1_WC009_EQP05,PLNT1,Siemens,SN-7109816275,2017,Vertical,V
PLNT1_WC009_EQP06,PLNT1,Siemens,SN-0642677720,2020,Vertical,V
PLNT1_WC009_EQP07,PLNT1,GE,SN-7692272628,2015,Vertical,V
PLNT1_WC009_EQP08,PLNT1,ABB,SN-9376737076,2019,Horizontal,H
PLNT1_WC009_EQP09,PLNT1,KUKA,SN-5725730994,2014,Vertical,V
PLNT1_WC009_EQP10,PLNT1,Bosch,SN-4021763260,2021,Horizontal,H
PLNT1_WC010_EQP01,PLNT1,KUKA,SN-2122749120,2018,Generic Equipment,GE
PLNT1_WC010_EQP02,PLNT1,Fanuc,SN-8795522203,2021,Generic Equipment,GE
PLNT1_WC010_EQP03,PLNT1,Siemens,SN-5726808042,2015,Generic Equipment,GE
PLNT1_WC010_EQP04,PLNT1,Siemens,SN-7483470677,2014,Generic Equipment,GE
PLNT1_WC010_EQP05,PLNT1,Bosch,SN-1955079997,2015,Generic Equipment,GE
PLNT1_WC010_EQP06,PLNT1,ABB,SN-5155502148,2016,Generic Equipment,GE
PLNT1_WC010_EQP07,PLNT1,Bosch,SN-4598811807,2016,Generic Equipment,GE
PLNT1_WC010_EQP08,PLNT1,KUKA,SN-9774584512,2021,Generic Equipment,GE
PLNT1_WC010_EQP09,PLNT1,ABB,SN-0931006053,2021,Generic Equipment,GE
PLNT1_WC010_EQP10,PLNT1,KUKA,SN-4840859669,2019,Generic Equipment,GE
PLNT1_WC011_EQP01,PLNT1,ABB,SN-9706095386,2014,Manual,M
PLNT1_WC011_EQP02,PLNT1,KUKA,SN-2453334939,2016,Manual,M
PLNT1_WC011_EQP03,PLNT1,Bosch,SN-4097556558,2019,Automated,A
PLNT1_WC011_EQP04,PLNT1,ABB,SN-3774284916,2020,Automated,A
PLNT1_WC011_EQP05,PLNT1,ABB,SN-9545028657,2013,Automated,A
PLNT1_WC011_EQP06,PLNT1,Siemens,SN-8874626671,2020,Automated,A
PLNT1_WC011_EQP07,PLNT1,Siemens,SN-8633613490,2016,Automated,A
PLNT1_WC011_EQP08,PLNT1,KUKA,SN-5804652098,2022,Automated,A
PLNT1_WC011_EQP09,PLNT1,ABB,SN-6912064123,2018,Automated,A
PLNT1_WC011_EQP10,PLNT1,Bosch,SN-4359105661,2018,Automated,A
PLNT1_WC012_EQP01,PLNT1,ABB,SN-0925386298,2020,Generic Equipment,GE
PLNT1_WC012_EQP02,PLNT1,Bosch,SN-4994454053,2020,Generic Equipment,GE
PLNT1_WC012_EQP03,PLNT1,GE,SN-8275813222,2014,Generic Equipment,GE
PLNT1_WC012_EQP04,PLNT1,ABB,SN-0194161351,2018,Generic Equipment,GE
PLNT1_WC012_EQP05,PLNT1,Fanuc,SN-8152855603,2021,Generic Equipment,GE
PLNT1_WC012_EQP06,PLNT1,Fanuc,SN-1247631433,2018,Generic Equipment,GE
PLNT1_WC012_EQP07,PLNT1,Fanuc,SN-3766133498,2017,Generic Equipment,GE
PLNT1_WC012_EQP08,PLNT1,Fanuc,SN-1166322375,2020,Generic Equipment,GE
PLNT1_WC012_EQP09,PLNT1,GE,SN-7934684148,2020,Generic Equipment,GE
PLNT1_WC012_EQP10,PLNT1,GE,SN-7721837848,2016,Generic Equipment,GE
PLNT1_WC013_EQP01,PLNT1,GE,SN-3544504073,2019,Manual,M
PLNT1_WC013_EQP02,PLNT1,Bosch,SN-3624494367,2019,Manual,M
PLNT1_WC013_EQP03,PLNT1,Fanuc,SN-8829615281,2022,Manual,M
PLNT1_WC013_EQP04,PLNT1,Fanuc,SN-0052602058,2022,Automated,A
PLNT1_WC013_EQP05,PLNT1,Fanuc,SN-9950426135,2014,Automated,A
PLNT1_WC013_EQP06,PLNT1,GE,SN-7914138694,2018,Automated,A
PLNT1_WC013_EQP07,PLNT1,Fanuc,SN-6268135697,2020,Automated,A
PLNT1_WC013_EQP08,PLNT1,GE,SN-1583410081,2013,Automated,A
PLNT1_WC013_EQP09,PLNT1,Siemens,SN-5047337402,2018,Manual,M
PLNT1_WC013_EQP10,PLNT1,Fanuc,SN-7819756719,2022,Automated,A
PLNT1_WC014_EQP01,PLNT1,ABB,SN-3497720116,2014,Robot,R
PLNT1_WC014_EQP02,PLNT1,KUKA,SN-6499673510,2017,Workstation,W
PLNT1_WC014_EQP03,PLNT1,Bosch,SN-8076021798,2014,Conveyor,C
PLNT1_WC014_EQP04,PLNT1,GE,SN-3260780370,2022,Robot,R
PLNT1_WC014_EQP05,PLNT1,KUKA,SN-3557180503,2018,Workstation,W
PLNT1_WC014_EQP06,PLNT1,Siemens,SN-5014771621,2014,Workstation,W
PLNT1_WC014_EQP07,PLNT1,Siemens,SN-6301721777,2019,Robot,R
PLNT1_WC014_EQP08,PLNT1,KUKA,SN-4911391568,2022,Workstation,W
PLNT1_WC014_EQP09,PLNT1,ABB,SN-9247733638,2016,Conveyor,C
PLNT1_WC014_EQP10,PLNT1,GE,SN-9701700096,2013,Robot,R
PLNT1_WC015_EQP01,PLNT1,GE,SN-2357447351,2016,Arc,A
PLNT1_WC015_EQP02,PLNT1,Siemens,SN-7694579025,2017,TIG,T
PLNT1_WC015_EQP03,PLNT1,KUKA,SN-9196553739,2017,TIG,T
PLNT1_WC015_EQP04,PLNT1,Fanuc,SN-3391110824,2021,MIG,M
PLNT1_WC015_EQP05,PLNT1,ABB,SN-4409966368,2013,Arc,A
PLNT1_WC015_EQP06,PLNT1,GE,SN-9121520425,2015,TIG,T
PLNT1_WC015_EQP07,PLNT1,Fanuc,SN-6222178247,2017,TIG,T
PLNT1_WC015_EQP08,PLNT1,Siemens,SN-6725791014,2021,TIG,T
PLNT1_WC015_EQP09,PLNT1,Bosch,SN-3443944581,2019,Arc,A
PLNT1_WC015_EQP10,PLNT1,ABB,SN-3978578610,2016,TIG,T
PLNT1_WC016_EQP01,PLNT1,ABB,SN-1302923478,2016,Conveyor,C
PLNT1_WC016_EQP02,PLNT1,Bosch,SN-8023733501,2013,Robot,R
PLNT1_WC016_EQP03,PLNT1,Fanuc,SN-3466214971,2013,Workstation,W
PLNT1_WC016_EQP04,PLNT1,Bosch,SN-2275438885,2014,Conveyor,C
PLNT1_WC016_EQP05,PLNT1,Fanuc,SN-1141468306,2022,Robot,R
PLNT1_WC016_EQP06,PLNT1,ABB,SN-8636256278,2022,Conveyor,C
PLNT1_WC016_EQP07,PLNT1,ABB,SN-2975332450,2017,Conveyor,C
PLNT1_WC016_EQP08,PLNT1,Bosch,SN-2021529771,2016,Workstation,W
PLNT1_WC016_EQP09,PLNT1,Bosch,SN-4837341398,2014,Workstation,W
PLNT1_WC016_EQP10,PLNT1,Bosch,SN-1349112583,2020,Workstation,W
PLNT1_WC017_EQP01,PLNT1,Siemens,SN-0124586377,2015,Generic Equipment,GE
PLNT1_WC017_EQP02,PLNT1,Fanuc,SN-1540193864,2021,Generic Equipment,GE
PLNT1_WC017_EQP03,PLNT1,GE,SN-1569174557,2019,Generic Equipment,GE
PLNT1_WC017_EQP04,PLNT1,GE,SN-2008166930,2013,Generic Equipment,GE
PLNT1_WC017_EQP05,PLNT1,ABB,SN-3597569799,2017,Generic Equipment,GE
PLNT1_WC017_EQP06,PLNT1,ABB,SN-3808905181,2016,Generic Equipment,GE
PLNT1_WC017_EQP07,PLNT1,Siemens,SN-2897393569,2022,Generic Equipment,GE
PLNT1_WC017_EQP08,PLNT1,Siemens,SN-7436907905,2016,Generic Equipment,GE
PLNT1_WC017_EQP09,PLNT1,KUKA,SN-0401332351,2019,Generic Equipment,GE
PLNT1_WC017_EQP10,PLNT1,Siemens,SN-9652699823,2013,Generic Equipment,GE
PLNT1_WC018_EQP01,PLNT1,Bosch,SN-2463382659,2013,Generic Equipment,GE
PLNT1_WC018_EQP02,PLNT1,Fanuc,SN-4599184133,2021,Generic Equipment,GE
PLNT1_WC018_EQP03,PLNT1,Fanuc,SN-4138918197,2014,Generic Equipment,GE
PLNT1_WC018_EQP04,PLNT1,KUKA,SN-4735408963,2020,Generic Equipment,GE
PLNT1_WC018_EQP05,PLNT1,Siemens,SN-9323363353,2019,Generic Equipment,GE
PLNT1_WC018_EQP06,PLNT1,Bosch,SN-6448940786,2015,Generic Equipment,GE
PLNT1_WC018_EQP07,PLNT1,GE,SN-3778490399,2022,Generic Equipment,GE
PLNT1_WC018_EQP08,PLNT1,Fanuc,SN-5538526843,2018,Generic Equipment,GE
PLNT1_WC018_EQP09,PLNT1,GE,SN-9374373141,2021,Generic Equipment,GE
PLNT1_WC018_EQP10,PLNT1,KUKA,SN-5604664906,2020,Generic Equipment,GE
PLNT1_WC019_EQP01,PLNT1,Bosch,SN-1774237577,2017,Automated,A
PLNT1_WC019_EQP02,PLNT1,GE,SN-2831760204,2021,Manual,M
PLNT1_WC019_EQP03,PLNT1,Bosch,SN-3705996561,2021,Manual,M
PLNT1_WC019_EQP04,PLNT1,Bosch,SN-9285071554,2018,Automated,A
PLNT1_WC019_EQP05,PLNT1,Fanuc,SN-7865904538,2014,Automated,A
PLNT1_WC019_EQP06,PLNT1,Siemens,SN-0993978521,2019,Manual,M
PLNT1_WC019_EQP07,PLNT1,GE,SN-2482490218,2019,Manual,M
PLNT1_WC019_EQP08,PLNT1,KUKA,SN-5085617212,2018,Manual,M
PLNT1_WC019_EQP09,PLNT1,Bosch,SN-4976198736,2016,Automated,A
PLNT1_WC019_EQP10,PLNT1,Fanuc,SN-9589807377,2017,Automated,A
PLNT1_WC020_EQP01,PLNT1,KUKA,SN-4005884534,2015,Automated,A
PLNT1_WC020_EQP02,PLNT1,KUKA,SN-8532172762,2013,Automated,A
PLNT1_WC020_EQP03,PLNT1,Bosch,SN-7532141931,2020,Manual,M
PLNT1_WC020_EQP04,PLNT1,GE,SN-1768515907,2020,Automated,A
PLNT1_WC020_EQP05,PLNT1,GE,SN-2275686251,2022,Manual,M
PLNT1_WC020_EQP06,PLNT1,Fanuc,SN-0890756663,2018,Automated,A
PLNT1_WC020_EQP07,PLNT1,Fanuc,SN-4760442731,2019,Manual,M
PLNT1_WC020_EQP08,PLNT1,KUKA,SN-4997185193,2014,Manual,M
PLNT1_WC020_EQP09,PLNT1,Fanuc,SN-9573238113,2019,Automated,A
PLNT1_WC020_EQP10,PLNT1,KUKA,SN-7024691697,2016,Automated,A
PLNT1_WC021_EQP01,PLNT1,KUKA,SN-6627726396,2016,Horizontal,H
PLNT1_WC021_EQP02,PLNT1,Siemens,SN-9158659592,2021,Horizontal,H
PLNT1_WC021_EQP03,PLNT1,ABB,SN-0658639624,2015,Vertical,V
PLNT1_WC021_EQP04,PLNT1,GE,SN-5909130490,2014,Vertical,V
PLNT1_WC021_EQP05,PLNT1,Bosch,SN-6969218233,2014,Horizontal,H
PLNT1_WC021_EQP06,PLNT1,Bosch,SN-8359642811,2022,Vertical,V
PLNT1_WC021_EQP07,PLNT1,Fanuc,SN-3277046211,2015,Vertical,V
PLNT1_WC021_EQP08,PLNT1,Fanuc,SN-1675499858,2020,Horizontal,H
PLNT1_WC021_EQP09,PLNT1,Bosch,SN-6614967488,2021,Vertical,V
PLNT1_WC021_EQP10,PLNT1,Siemens,SN-5651531005,2013,Horizontal,H
PLNT1_WC022_EQP01,PLNT1,Fanuc,SN-6240852683,2019,Mill,M
PLNT1_WC022_EQP02,PLNT1,ABB,SN-9800850356,2014,Drill,D
PLNT1_WC022_EQP03,PLNT1,Fanuc,SN-2768212726,2016,Lathe,L
PLNT1_WC022_EQP04,PLNT1,GE,SN-8883112325,2021,Mill,M
PLNT1_WC022_EQP05,PLNT1,GE,SN-4507690485,2013,Mill,M
PLNT1_WC022_EQP06,PLNT1,Siemens,SN-1192432504,2019,Lathe,L
PLNT1_WC022_EQP07,PLNT1,ABB,SN-7181802104,2014,Mill,M
PLNT1_WC022_EQP08,PLNT1,Bosch,SN-6067990283,2018,Mill,M
PLNT1_WC022_EQP09,PLNT1,GE,SN-2768941571,2018,Lathe,L
PLNT1_WC022_EQP10,PLNT1,GE,SN-4265746532,2019,Mill,M
PLNT1_WC023_EQP01,PLNT1,Siemens,SN-8272127973,2019,Generic Equipment,GE
PLNT1_WC023_EQP02,PLNT1,Fanuc,SN-5263394256,2015,Generic Equipment,GE
PLNT1_WC023_EQP03,PLNT1,GE,SN-6985568820,2017,Generic Equipment,GE
PLNT1_WC023_EQP04,PLNT1,GE,SN-7394878949,2019,Generic Equipment,GE
PLNT1_WC023_EQP05,PLNT1,Siemens,SN-4767462772,2020,Generic Equipment,GE
PLNT1_WC023_EQP06,PLNT1,Fanuc,SN-4321975033,2013,Generic Equipment,GE
PLNT1_WC023_EQP07,PLNT1,GE,SN-2649886832,2014,Generic Equipment,GE
PLNT1_WC023_EQP08,PLNT1,Fanuc,SN-0217936094,2017,Generic Equipment,GE
PLNT1_WC023_EQP09,PLNT1,Fanuc,SN-1212708131,2019,Generic Equipment,GE
PLNT1_WC023_EQP10,PLNT1,Bosch,SN-4446377343,2014,Generic Equipment,GE
PLNT1_WC024_EQP01,PLNT1,GE,SN-8954489049,2021,Generic Equipment,GE
PLNT1_WC024_EQP02,PLNT1,ABB,SN-3788961571,2020,Generic Equipment,GE
PLNT1_WC024_EQP03,PLNT1,KUKA,SN-1702694618,2013,Generic Equipment,GE
PLNT1_WC024_EQP04,PLNT1,KUKA,SN-8725352703,2013,Generic Equipment,GE
PLNT1_WC024_EQP05,PLNT1,Fanuc,SN-9270986415,2016,Generic Equipment,GE
PLNT1_WC024_EQP06,PLNT1,KUKA,SN-2091063618,2016,Generic Equipment,GE
PLNT1_WC024_EQP07,PLNT1,KUKA,SN-9610244675,2022,Generic Equipment,GE
PLNT1_WC024_EQP08,PLNT1,Fanuc,SN-3918804218,2018,Generic Equipment,GE
PLNT1_WC024_EQP09,PLNT1,Fanuc,SN-0733201653,2020,Generic Equipment,GE
PLNT1_WC024_EQP10,PLNT1,Fanuc,SN-1320412487,2015,Generic Equipment,GE
PLNT1_WC025_EQP01,PLNT1,ABB,SN-2652821087,2017,Generic Equipment,GE
PLNT1_WC025_EQP02,PLNT1,Bosch,SN-5559908374,2015,Generic Equipment,GE
PLNT1_WC025_EQP03,PLNT1,Bosch,SN-2677231073,2018,Generic Equipment,GE
PLNT1_WC025_EQP04,PLNT1,Fanuc,SN-5280076814,2020,Generic Equipment,GE
PLNT1_WC025_EQP05,PLNT1,ABB,SN-1157152690,2022,Generic Equipment,GE
PLNT1_WC025_EQP06,PLNT1,Fanuc,SN-5076805833,2013,Generic Equipment,GE
PLNT1_WC025_EQP07,PLNT1,KUKA,SN-7361299512,2014,Generic Equipment,GE
PLNT1_WC025_EQP08,PLNT1,Fanuc,SN-2744074161,2020,Generic Equipment,GE
PLNT1_WC025_EQP09,PLNT1,Bosch,SN-9810343286,2013,Generic Equipment,GE
PLNT1_WC025_EQP10,PLNT1,Bosch,SN-4086588277,2021,Generic Equipment,GE
PLNT1_WC026_EQP01,PLNT1,Fanuc,SN-3943879933,2018,Drill,D
PLNT1_WC026_EQP02,PLNT1,KUKA,SN-4252513533,2021,Mill,M
PLNT1_WC026_EQP03,PLNT1,Fanuc,SN-4431992761,2016,Drill,D
PLNT1_WC026_EQP04,PLNT1,KUKA,SN-4276311744,2021,Lathe,L
PLNT1_WC026_EQP05,PLNT1,Bosch,SN-1507073787,2017,Drill,D
PLNT1_WC026_EQP06,PLNT1,GE,SN-1637883461,2017,Lathe,L
PLNT1_WC026_EQP07,PLNT1,GE,SN-7969332224,2014,Lathe,L
PLNT1_WC026_EQP08,PLNT1,KUKA,SN-0847501234,2016,Drill,D
PLNT1_WC026_EQP09,PLNT1,ABB,SN-7051847321,2016,Mill,M
PLNT1_WC026_EQP10,PLNT1,Siemens,SN-7337506298,2017,Mill,M
PLNT1_WC027_EQP01,PLNT1,Bosch,SN-2413184193,2014,TIG,T
PLNT1_WC027_EQP02,PLNT1,GE,SN-2480352568,2013,MIG,M
PLNT1_WC027_EQP03,PLNT1,Fanuc,SN-7330257752,2019,Arc,A
PLNT1_WC027_EQP04,PLNT1,GE,SN-5472046319,2022,Arc,A
PLNT1_WC027_EQP05,PLNT1,Fanuc,SN-8924066648,2018,Arc,A
PLNT1_WC027_EQP06,PLNT1,Fanuc,SN-6771695087,2019,TIG,T
PLNT1_WC027_EQP07,PLNT1,Bosch,SN-9603313782,2021,MIG,M
PLNT1_WC027_EQP08,PLNT1,Siemens,SN-9236715662,2016,MIG,M
PLNT1_WC027_EQP09,PLNT1,Bosch,SN-0146514077,2022,TIG,T
PLNT1_WC027_EQP10,PLNT1,Bosch,SN-4822857807,2018,TIG,T
PLNT1_WC028_EQP01,PLNT1,ABB,SN-4871880547,2018,Arc,A
PLNT1_WC028_EQP02,PLNT1,KUKA,SN-2294240708,2018,MIG,M
PLNT1_WC028_EQP03,PLNT1,Fanuc,SN-8665961469,2022,Arc,A
PLNT1_WC028_EQP04,PLNT1,ABB,SN-1574187894,2019,TIG,T
PLNT1_WC028_EQP05,PLNT1,GE,SN-2467030832,2021,MIG,M
PLNT1_WC028_EQP06,PLNT1,GE,SN-3418724010,2019,MIG,M
PLNT1_WC028_EQP07,PLNT1,Siemens,SN-8563572483,2016,Arc,A
PLNT1_WC028_EQP08,PLNT1,Siemens,SN-3346062566,2020,TIG,T
PLNT1_WC028_EQP09,PLNT1,Bosch,SN-0129307307,2022,TIG,T
PLNT1_WC028_EQP10,PLNT1,GE,SN-2907310414,2017,TIG,T
PLNT1_WC029_EQP01,PLNT1,ABB,SN-5150789778,2014,Conveyor,C
PLNT1_WC029_EQP02,PLNT1,ABB,SN-7707908243,2015,Robot,R
PLNT1_WC029_EQP03,PLNT1,KUKA,SN-4452241876,2019,Conveyor,C
PLNT1_WC029_EQP04,PLNT1,KUKA,SN-2637153506,2022,Conveyor,C
PLNT1_WC029_EQP05,PLNT1,Siemens,SN-9713703750,2015,Workstation,W
PLNT1_WC029_EQP06,PLNT1,Siemens,SN-5966212585,2019,Workstation,W
PLNT1_WC029_EQP07,PLNT1,Siemens,SN-5650392660,2016,Conveyor,C
PLNT1_WC029_EQP08,PLNT1,Fanuc,SN-2055434429,2019,Workstation,W
PLNT1_WC029_EQP09,PLNT1,ABB,SN-6856139908,2020,Workstation,W
PLNT1_WC029_EQP10,PLNT1,Bosch,SN-3116987133,2013,Robot,R
PLNT1_WC030_EQP01,PLNT1,Bosch,SN-1324673778,2015,Generic Equipment,GE
PLNT1_WC030_EQP02,PLNT1,ABB,SN-8019988528,2014,Generic Equipment,GE
PLNT1_WC030_EQP03,PLNT1,KUKA,SN-0481447626,2021,Generic Equipment,GE
PLNT1_WC030_EQP04,PLNT1,ABB,SN-5720633298,2020,Generic Equipment,GE
PLNT1_WC030_EQP05,PLNT1,GE,SN-1551323183,2022,Generic Equipment,GE
PLNT1_WC030_EQP06,PLNT1,KUKA,SN-9334201188,2017,Generic Equipment,GE
PLNT1_WC030_EQP07,PLNT1,GE,SN-5617587550,2015,Generic Equipment,GE
PLNT1_WC030_EQP08,PLNT1,Bosch,SN-7287009145,2018,Generic Equipment,GE
PLNT1_WC030_EQP09,PLNT1,KUKA,SN-9248931984,2021,Generic Equipment,GE
PLNT1_WC030_EQP10,PLNT1,KUKA,SN-9967225185,2013,Generic Equipment,GE
PLNT2_WC001_EQP01,PLNT2,GE,SN-3402420913,2015,Generic Equipment,GE
PLNT2_WC001_EQP02,PLNT2,Siemens,SN-8002634964,2015,Generic Equipment,GE
PLNT2_WC001_EQP03,PLNT2,ABB,SN-6965572294,2017,Generic Equipment,GE
PLNT2_WC001_EQP04,PLNT2,KUKA,SN-1079792480,2016,Generic Equipment,GE
PLNT2_WC001_EQP05,PLNT2,Siemens,SN-9418772974,2016,Generic Equipment,GE
PLNT2_WC001_EQP06,PLNT2,Bosch,SN-1351524742,2015,Generic Equipment,GE
PLNT2_WC001_EQP07,PLNT2,Bosch,SN-6967311243,2022,Generic Equipment,GE
PLNT2_WC001_EQP08,PLNT2,GE,SN-8384828766,2013,Generic Equipment,GE
PLNT2_WC001_EQP09,PLNT2,Bosch,SN-5957196318,2022,Generic Equipment,GE
PLNT2_WC001_EQP10,PLNT2,Siemens,SN-7789721711,2016,Generic Equipment,GE
PLNT2_WC002_EQP01,PLNT2,Siemens,SN-8012147008,2019,Conveyor,C
PLNT2_WC002_EQP02,PLNT2,KUKA,SN-3164900202,2018,Conveyor,C
PLNT2_WC002_EQP03,PLNT2,Fanuc,SN-8867758754,2018,Workstation,W
PLNT2_WC002_EQP04,PLNT2,ABB,SN-1011680963,2018,Robot,R
PLNT2_WC002_EQP05,PLNT2,GE,SN-7782015031,2018,Robot,R
PLNT2_WC002_EQP06,PLNT2,Fanuc,SN-5473547900,2016,Workstation,W
PLNT2_WC002_EQP07,PLNT2,ABB,SN-8002948315,2018,Workstation,W
PLNT2_WC002_EQP08,PLNT2,GE,SN-9152993759,2015,Robot,R
PLNT2_WC002_EQP09,PLNT2,Bosch,SN-0505464874,2016,Workstation,W
PLNT2_WC002_EQP10,PLNT2,Siemens,SN-1366451437,2018,Conveyor,C
PLNT2_WC003_EQP01,PLNT2,ABB,SN-9247772229,2022,MIG,M
PLNT2_WC003_EQP02,PLNT2,Fanuc,SN-2683031925,2017,Arc,A
PLNT2_WC003_EQP03,PLNT2,Fanuc,SN-9098033379,2019,TIG,T
PLNT2_WC003_EQP04,PLNT2,GE,SN-8462102448,2014,MIG,M
PLNT2_WC003_EQP05,PLNT2,Bosch,SN-2903645001,2021,Arc,A
PLNT2_WC003_EQP06,PLNT2,ABB,SN-3691040672,2015,TIG,T
PLNT2_WC003_EQP07,PLNT2,Fanuc,SN-1516898649,2020,Arc,A
PLNT2_WC003_EQP08,PLNT2,KUKA,SN-6280905809,2014,MIG,M
PLNT2_WC003_EQP09,PLNT2,Bosch,SN-4040252576,2018,MIG,M
PLNT2_WC003_EQP10,PLNT2,GE,SN-9502645041,2014,Arc,A
PLNT2_WC004_EQP01,PLNT2,Siemens,SN-3403272216,2013,Automated,A
PLNT2_WC004_EQP02,PLNT2,Bosch,SN-4815263483,2014,Automated,A
PLNT2_WC004_EQP03,PLNT2,Bosch,SN-3903135491,2017,Manual,M
PLNT2_WC004_EQP04,PLNT2,GE,SN-7449818941,2022,Automated,A
PLNT2_WC004_EQP05,PLNT2,Siemens,SN-9492473419,2017,Manual,M
PLNT2_WC004_EQP06,PLNT2,GE,SN-5973846266,2016,Manual,M
PLNT2_WC004_EQP07,PLNT2,Siemens,SN-1410915319,2015,Manual,M
PLNT2_WC004_EQP08,PLNT2,KUKA,SN-4627511941,2020,Automated,A
PLNT2_WC004_EQP09,PLNT2,Bosch,SN-8710813617,2022,Automated,A
PLNT2_WC004_EQP10,PLNT2,Siemens,SN-9951912251,2022,Manual,M
PLNT2_WC005_EQP01,PLNT2,ABB,SN-7492222640,2021,Mill,M
PLNT2_WC005_EQP02,PLNT2,Fanuc,SN-8317799769,2019,Mill,M
PLNT2_WC005_EQP03,PLNT2,KUKA,SN-7232896923,2020,Drill,D
PLNT2_WC005_EQP04,PLNT2,Siemens,SN-5258192673,2022,Lathe,L
PLNT2_WC005_EQP05,PLNT2,GE,SN-1441465412,2014,Mill,M
PLNT2_WC005_EQP06,PLNT2,GE,SN-6698077547,2016,Drill,D
PLNT2_WC005_EQP07,PLNT2,Bosch,SN-8031577218,2020,Drill,D
PLNT2_WC005_EQP08,PLNT2,Siemens,SN-7258179923,2014,Drill,D
PLNT2_WC005_EQP09,PLNT2,Siemens,SN-5795896091,2020,Lathe,L
PLNT2_WC005_EQP10,PLNT2,GE,SN-9859593122,2021,Drill,D
PLNT2_WC006_EQP01,PLNT2,Fanuc,SN-3600908024,2018,Generic Equipment,GE
PLNT2_WC006_EQP02,PLNT2,ABB,SN-2408590794,2020,Generic Equipment,GE
PLNT2_WC006_EQP03,PLNT2,Fanuc,SN-3734169223,2019,Generic Equipment,GE
PLNT2_WC006_EQP04,PLNT2,Fanuc,SN-1408354411,2019,Generic Equipment,GE
PLNT2_WC006_EQP05,PLNT2,ABB,SN-2384532219,2019,Generic Equipment,GE
PLNT2_WC006_EQP06,PLNT2,Fanuc,SN-3348639135,2022,Generic Equipment,GE
PLNT2_WC006_EQP07,PLNT2,Siemens,SN-3410496050,2019,Generic Equipment,GE
PLNT2_WC006_EQP08,PLNT2,Bosch,SN-3185885236,2018,Generic Equipment,GE
PLNT2_WC006_EQP09,PLNT2,Fanuc,SN-7037303197,2016,Generic Equipment,GE
PLNT2_WC006_EQP10,PLNT2,ABB,SN-1041146054,2016,Generic Equipment,GE
PLNT2_WC007_EQP01,PLNT2,KUKA,SN-7186561448,2020,MIG,M
PLNT2_WC007_EQP02,PLNT2,KUKA,SN-4418820575,2019,Arc,A
PLNT2_WC007_EQP03,PLNT2,Fanuc,SN-3900496791,2014,Arc,A
PLNT2_WC007_EQP04,PLNT2,ABB,SN-7965223414,2021,TIG,T
PLNT2_WC007_EQP05,PLNT2,Siemens,SN-5713221284,2015,Arc,A
PLNT2_WC007_EQP06,PLNT2,KUKA,SN-8651905561,2016,TIG,T
PLNT2_WC007_EQP07,PLNT2,Fanuc,SN-9083443374,2019,MIG,M
PLNT2_WC007_EQP08,PLNT2,Bosch,SN-3907501494,2014,MIG,M
PLNT2_WC007_EQP09,PLNT2,KUKA,SN-4732803530,2015,Arc,A
PLNT2_WC007_EQP10,PLNT2,ABB,SN-3334475807,2014,TIG,T
PLNT2_WC008_EQP01,PLNT2,Fanuc,SN-7109989520,2020,Lathe,L
PLNT2_WC008_EQP02,PLNT2,GE,SN-7340305501,2016,Drill,D
PLNT2_WC008_EQP03,PLNT2,Fanuc,SN-3983212210,2015,Mill,M
PLNT2_WC008_EQP04,PLNT2,Fanuc,SN-7607167727,2013,Lathe,L
PLNT2_WC008_EQP05,PLNT2,ABB,SN-3675037437,2021,Lathe,L
PLNT2_WC008_EQP06,PLNT2,Siemens,SN-8443195950,2013,Lathe,L
PLNT2_WC008_EQP07,PLNT2,KUKA,SN-0547294864,2018,Mill,M
PLNT2_WC008_EQP08,PLNT2,ABB,SN-7076562052,2017,Lathe,L
PLNT2_WC008_EQP09,PLNT2,Fanuc,SN-4065804224,2022,Drill,D
PLNT2_WC008_EQP10,PLNT2,Bosch,SN-3545802879,2016,Lathe,L
PLNT2_WC009_EQP01,PLNT2,Fanuc,SN-2587921441,2020,Manual,M
PLNT2_WC009_EQP02,PLNT2,Fanuc,SN-9924566372,2019,Automated,A
PLNT2_WC009_EQP03,PLNT2,ABB,SN-1231383826,2014,Automated,A
PLNT2_WC009_EQP04,PLNT2,ABB,SN-7390589726,2021,Automated,A
PLNT2_WC009_EQP05,PLNT2,ABB,SN-1686604193,2013,Manual,M
PLNT2_WC009_EQP06,PLNT2,Bosch,SN-2111751691,2017,Automated,A
PLNT2_WC009_EQP07,PLNT2,KUKA,SN-4060574256,2014,Manual,M
PLNT2_WC009_EQP08,PLNT2,GE,SN-5658230868,2013,Manual,M
PLNT2_WC009_EQP09,PLNT2,Bosch,SN-4367164082,2015,Automated,A
PLNT2_WC009_EQP10,PLNT2,KUKA,SN-5337025565,2015,Manual,M
PLNT2_WC010_EQP01,PLNT2,ABB,SN-4620396842,2013,Generic Equipment,GE
PLNT2_WC010_EQP02,PLNT2,Fanuc,SN-8107757544,2022,Generic Equipment,GE
PLNT2_WC010_EQP03,PLNT2,Fanuc,SN-2836046928,2019,Generic Equipment,GE
PLNT2_WC010_EQP04,PLNT2,Siemens,SN-1697025435,2016,Generic Equipment,GE
PLNT2_WC010_EQP05,PLNT2,ABB,SN-0170882561,2018,Generic Equipment,GE
PLNT2_WC010_EQP06,PLNT2,ABB,SN-1223097074,2015,Generic Equipment,GE
PLNT2_WC010_EQP07,PLNT2,Bosch,SN-1545568177,2015,Generic Equipment,GE
PLNT2_WC010_EQP08,PLNT2,Siemens,SN-6267323863,2018,Generic Equipment,GE
PLNT2_WC010_EQP09,PLNT2,Bosch,SN-7084748562,2022,Generic Equipment,GE
PLNT2_WC010_EQP10,PLNT2,Bosch,SN-9164674447,2017,Generic Equipment,GE
PLNT2_WC011_EQP01,PLNT2,Siemens,SN-1263884162,2018,Arc,A
PLNT2_WC011_EQP02,PLNT2,GE,SN-7003330242,2019,MIG,M
PLNT2_WC011_EQP03,PLNT2,Bosch,SN-0088004536,2019,MIG,M
PLNT2_WC011_EQP04,PLNT2,Bosch,SN-6477896809,2014,MIG,M
PLNT2_WC011_EQP05,PLNT2,Fanuc,SN-5581690245,2020,Arc,A
PLNT2_WC011_EQP06,PLNT2,Bosch,SN-9274742562,2020,Arc,A
PLNT2_WC011_EQP07,PLNT2,KUKA,SN-0575136608,2022,TIG,T
PLNT2_WC011_EQP08,PLNT2,Siemens,SN-2395056677,2022,Arc,A
PLNT2_WC011_EQP09,PLNT2,ABB,SN-2058361207,2015,MIG,M
PLNT2_WC011_EQP10,PLNT2,ABB,SN-9963278552,2014,TIG,T
PLNT2_WC012_EQP01,PLNT2,KUKA,SN-6356032278,2016,Vertical,V
PLNT2_WC012_EQP02,PLNT2,ABB,SN-3120449040,2018,Horizontal,H
PLNT2_WC012_EQP03,PLNT2,Siemens,SN-0130569926,2021,Vertical,V
PLNT2_WC012_EQP04,PLNT2,ABB,SN-4513055109,2021,Horizontal,H
PLNT2_WC012_EQP05,PLNT2,GE,SN-4268921735,2015,Horizontal,H
PLNT2_WC012_EQP06,PLNT2,GE,SN-6213258934,2021,Vertical,V
PLNT2_WC012_EQP07,PLNT2,ABB,SN-8101092792,2019,Vertical,V
PLNT2_WC012_EQP08,PLNT2,Bosch,SN-2673223277,2015,Vertical,V
PLNT2_WC012_EQP09,PLNT2,KUKA,SN-5718700188,2022,Vertical,V
PLNT2_WC012_EQP10,PLNT2,Siemens,SN-9589005318,2022,Horizontal,H
PLNT2_WC013_EQP01,PLNT2,Fanuc,SN-4270429312,2013,Manual,M
PLNT2_WC013_EQP02,PLNT2,GE,SN-2545124928,2017,Automated,A
PLNT2_WC013_EQP03,PLNT2,Bosch,SN-0546004913,2020,Automated,A
PLNT2_WC013_EQP04,PLNT2,KUKA,SN-8758865015,2019,Manual,M
PLNT2_WC013_EQP05,PLNT2,ABB,SN-1035961582,2016,Manual,M
PLNT2_WC013_EQP06,PLNT2,ABB,SN-1474365574,2022,Manual,M
PLNT2_WC013_EQP07,PLNT2,GE,SN-6221164347,2019,Manual,M
PLNT2_WC013_EQP08,PLNT2,KUKA,SN-4518943917,2019,Automated,A
PLNT2_WC013_EQP09,PLNT2,Siemens,SN-7639236467,2015,Automated,A
PLNT2_WC013_EQP10,PLNT2,KUKA,SN-2577889152,2016,Automated,A
PLNT2_WC014_EQP01,PLNT2,GE,SN-2617139280,2021,MIG,M
PLNT2_WC014_EQP02,PLNT2,KUKA,SN-8581364106,2018,Arc,A
PLNT2_WC014_EQP03,PLNT2,Fanuc,SN-1584371215,2020,Arc,A
PLNT2_WC014_EQP04,PLNT2,GE,SN-1134290348,2015,Arc,A
PLNT2_WC014_EQP05,PLNT2,KUKA,SN-9936462691,2020,MIG,M
PLNT2_WC014_EQP06,PLNT2,Siemens,SN-7441276378,2018,TIG,T
PLNT2_WC014_EQP07,PLNT2,Fanuc,SN-1008786466,2022,Arc,A
PLNT2_WC014_EQP08,PLNT2,Bosch,SN-6898376910,2014,Arc,A
PLNT2_WC014_EQP09,PLNT2,Fanuc,SN-2894035753,2016,MIG,M
PLNT2_WC014_EQP10,PLNT2,Bosch,SN-7014602332,2015,MIG,M
PLNT2_WC015_EQP01,PLNT2,Fanuc,SN-2482342585,2014,Mill,M
PLNT2_WC015_EQP02,PLNT2,GE,SN-3017261352,2015,Lathe,L
PLNT2_WC015_EQP03,PLNT2,ABB,SN-0920084583,2013,Lathe,L
PLNT2_WC015_EQP04,PLNT2,Bosch,SN-9473482661,2019,Lathe,L
PLNT2_WC015_EQP05,PLNT2,Fanuc,SN-5242170925,2019,Drill,D
PLNT2_WC015_EQP06,PLNT2,GE,SN-8075237469,2018,Mill,M
PLNT2_WC015_EQP07,PLNT2,Fanuc,SN-8417135570,2022,Drill,D
PLNT2_WC015_EQP08,PLNT2,GE,SN-8131186043,2017,Drill,D
PLNT2_WC015_EQP09,PLNT2,KUKA,SN-3019740330,2022,Drill,D
PLNT2_WC015_EQP10,PLNT2,GE,SN-4020500453,2016,Mill,M
PLNT2_WC016_EQP01,PLNT2,Siemens,SN-5182572673,2020,Generic Equipment,GE
PLNT2_WC016_EQP02,PLNT2,GE,SN-4749607945,2017,Generic Equipment,GE
PLNT2_WC016_EQP03,PLNT2,GE,SN-9704997605,2015,Generic Equipment,GE
PLNT2_WC016_EQP04,PLNT2,Bosch,SN-0765165081,2013,Generic Equipment,GE
PLNT2_WC016_EQP05,PLNT2,Fanuc,SN-4314210078,2022,Generic Equipment,GE
PLNT2_WC016_EQP06,PLNT2,GE,SN-0507245361,2022,Generic Equipment,GE
PLNT2_WC016_EQP07,PLNT2,GE,SN-6564529709,2018,Generic Equipment,GE
PLNT2_WC016_EQP08,PLNT2,Bosch,SN-0473620765,2016,Generic Equipment,GE
PLNT2_WC016_EQP09,PLNT2,ABB,SN-1879910211,2019,Generic Equipment,GE
PLNT2_WC016_EQP10,PLNT2,Siemens,SN-6625904622,2022,Generic Equipment,GE
PLNT2_WC017_EQP01,PLNT2,GE,SN-5241157403,2021,Manual,M
PLNT2_WC017_EQP02,PLNT2,ABB,SN-7880748603,2015,Manual,M
PLNT2_WC017_EQP03,PLNT2,Fanuc,SN-8457150053,2021,Automated,A
PLNT2_WC017_EQP04,PLNT2,Siemens,SN-2487211386,2022,Automated,A
PLNT2_WC017_EQP05,PLNT2,ABB,SN-6534743845,2018,Manual,M
PLNT2_WC017_EQP06,PLNT2,Siemens,SN-0471254220,2013,Automated,A
PLNT2_WC017_EQP07,PLNT2,Siemens,SN-5394884476,2017,Automated,A
PLNT2_WC017_EQP08,PLNT2,GE,SN-8923903527,2017,Automated,A
PLNT2_WC017_EQP09,PLNT2,GE,SN-0063267094,2020,Manual,M
PLNT2_WC017_EQP10,PLNT2,KUKA,SN-6238767536,2019,Manual,M
PLNT2_WC018_EQP01,PLNT2,KUKA,SN-0539516492,2019,Generic Equipment,GE
PLNT2_WC018_EQP02,PLNT2,Siemens,SN-3105863748,2018,Generic Equipment,GE
PLNT2_WC018_EQP03,PLNT2,ABB,SN-4587345288,2019,Generic Equipment,GE
PLNT2_WC018_EQP04,PLNT2,Fanuc,SN-5544750689,2020,Generic Equipment,GE
PLNT2_WC018_EQP05,PLNT2,Fanuc,SN-2790014957,2013,Generic Equipment,GE
PLNT2_WC018_EQP06,PLNT2,Bosch,SN-4315168215,2019,Generic Equipment,GE
PLNT2_WC018_EQP07,PLNT2,ABB,SN-1407071142,2022,Generic Equipment,GE
PLNT2_WC018_EQP08,PLNT2,KUKA,SN-1709229484,2013,Generic Equipment,GE
PLNT2_WC018_EQP09,PLNT2,GE,SN-3460244193,2017,Generic Equipment,GE
PLNT2_WC018_EQP10,PLNT2,GE,SN-2551109611,2022,Generic Equipment,GE
PLNT2_WC019_EQP01,PLNT2,ABB,SN-7235470283,2021,Generic Equipment,GE
PLNT2_WC019_EQP02,PLNT2,GE,SN-1798510563,2014,Generic Equipment,GE
PLNT2_WC019_EQP03,PLNT2,ABB,SN-1116137570,2015,Generic Equipment,GE
PLNT2_WC019_EQP04,PLNT2,Siemens,SN-1519686085,2016,Generic Equipment,GE
PLNT2_WC019_EQP05,PLNT2,Bosch,SN-2781749961,2013,Generic Equipment,GE
PLNT2_WC019_EQP06,PLNT2,Fanuc,SN-9570411602,2016,Generic Equipment,GE
PLNT2_WC019_EQP07,PLNT2,Siemens,SN-8235875853,2020,Generic Equipment,GE
PLNT2_WC019_EQP08,PLNT2,GE,SN-9868099130,2022,Generic Equipment,GE
PLNT2_WC019_EQP09,PLNT2,GE,SN-9468534201,2015,Generic Equipment,GE
PLNT2_WC019_EQP10,PLNT2,Fanuc,SN-3818374194,2014,Generic Equipment,GE
PLNT2_WC020_EQP01,PLNT2,ABB,SN-4217429719,2017,Automated,A
PLNT2_WC020_EQP02,PLNT2,ABB,SN-0123483595,2017,Automated,A
PLNT2_WC020_EQP03,PLNT2,ABB,SN-4409616941,2020,Manual,M
PLNT2_WC020_EQP04,PLNT2,Siemens,SN-2697812409,2017,Manual,M
PLNT2_WC020_EQP05,PLNT2,GE,SN-4348193492,2021,Manual,M
PLNT2_WC020_EQP06,PLNT2,ABB,SN-5537086050,2020,Manual,M
PLNT2_WC020_EQP07,PLNT2,KUKA,SN-6831846758,2022,Manual,M
PLNT2_WC020_EQP08,PLNT2,ABB,SN-2656985832,2017,Automated,A
PLNT2_WC020_EQP09,PLNT2,KUKA,SN-3340525365,2018,Automated,A
PLNT2_WC020_EQP10,PLNT2,ABB,SN-4275765665,2022,Manual,M
PLNT2_WC021_EQP01,PLNT2,GE,SN-7220929267,2017,Automated,A
PLNT2_WC021_EQP02,PLNT2,Fanuc,SN-5948202677,2014,Manual,M
PLNT2_WC021_EQP03,PLNT2,KUKA,SN-5022641531,2022,Manual,M
PLNT2_WC021_EQP04,PLNT2,ABB,SN-8748061104,2021,Automated,A
PLNT2_WC021_EQP05,PLNT2,Fanuc,SN-4254372286,2017,Manual,M
PLNT2_WC021_EQP06,PLNT2,KUKA,SN-3891139162,2014,Automated,A
PLNT2_WC021_EQP07,PLNT2,Siemens,SN-4146831257,2020,Manual,M
PLNT2_WC021_EQP08,PLNT2,GE,SN-0994003952,2021,Automated,A
PLNT2_WC021_EQP09,PLNT2,ABB,SN-7536262826,2017,Manual,M
PLNT2_WC021_EQP10,PLNT2,Siemens,SN-1543822897,2021,Automated,A
PLNT2_WC022_EQP01,PLNT2,Bosch,SN-3357113363,2014,Generic Equipment,GE
PLNT2_WC022_EQP02,PLNT2,KUKA,SN-2169535244,2021,Generic Equipment,GE
PLNT2_WC022_EQP03,PLNT2,Fanuc,SN-5548350153,2015,Generic Equipment,GE
PLNT2_WC022_EQP04,PLNT2,Fanuc,SN-4163496098,2017,Generic Equipment,GE
PLNT2_WC022_EQP05,PLNT2,GE,SN-6702626065,2019,Generic Equipment,GE
PLNT2_WC022_EQP06,PLNT2,Fanuc,SN-6998835326,2014,Generic Equipment,GE
PLNT2_WC022_EQP07,PLNT2,ABB,SN-8894300280,2020,Generic Equipment,GE
PLNT2_WC022_EQP08,PLNT2,GE,SN-8883063560,2022,Generic Equipment,GE
PLNT2_WC022_EQP09,PLNT2,KUKA,SN-5204368572,2021,Generic Equipment,GE
PLNT2_WC022_EQP10,PLNT2,KUKA,SN-5484734459,2014,Generic Equipment,GE
PLNT2_WC023_EQP01,PLNT2,Bosch,SN-3937203138,2015,Generic Equipment,GE
PLNT2_WC023_EQP02,PLNT2,Bosch,SN-8175412992,2018,Generic Equipment,GE
PLNT2_WC023_EQP03,PLNT2,KUKA,SN-7170724500,2020,Generic Equipment,GE
PLNT2_WC023_EQP04,PLNT2,Fanuc,SN-3258229963,2018,Generic Equipment,GE
PLNT2_WC023_EQP05,PLNT2,Fanuc,SN-7280934583,2014,Generic Equipment,GE
PLNT2_WC023_EQP06,PLNT2,GE,SN-7530465688,2019,Generic Equipment,GE
PLNT2_WC023_EQP07,PLNT2,Bosch,SN-0253898870,2016,Generic Equipment,GE
PLNT2_WC023_EQP08,PLNT2,ABB,SN-2100117622,2013,Generic Equipment,GE
PLNT2_WC023_EQP09,PLNT2,ABB,SN-2169456104,2013,Generic Equipment,GE
PLNT2_WC023_EQP10,PLNT2,Siemens,SN-1037886631,2022,Generic Equipment,GE
PLNT2_WC024_EQP01,PLNT2,ABB,SN-4522207625,2014,Automated,A
PLNT2_WC024_EQP02,PLNT2,Siemens,SN-8707752146,2020,Manual,M
PLNT2_WC024_EQP03,PLNT2,Fanuc,SN-3558285618,2019,Automated,A
PLNT2_WC024_EQP04,PLNT2,KUKA,SN-3230700437,2016,Automated,A
PLNT2_WC024_EQP05,PLNT2,Fanuc,SN-5708571470,2017,Automated,A
PLNT2_WC024_EQP06,PLNT2,GE,SN-7890235552,2017,Manual,M
PLNT2_WC024_EQP07,PLNT2,Siemens,SN-8747758479,2016,Manual,M
PLNT2_WC024_EQP08,PLNT2,Siemens,SN-6701552413,2015,Manual,M
PLNT2_WC024_EQP09,PLNT2,Bosch,SN-6139710602,2016,Automated,A
PLNT2_WC024_EQP10,PLNT2,ABB,SN-1621840482,2022,Manual,M
PLNT2_WC025_EQP01,PLNT2,KUKA,SN-2989075979,2015,Conveyor,C
PLNT2_WC025_EQP02,PLNT2,KUKA,SN-7160684789,2016,Workstation,W
PLNT2_WC025_EQP03,PLNT2,Fanuc,SN-6553792741,2019,Conveyor,C
PLNT2_WC025_EQP04,PLNT2,Siemens,SN-6172609349,2020,Conveyor,C
PLNT2_WC025_EQP05,PLNT2,KUKA,SN-5411804201,2013,Workstation,W
PLNT2_WC025_EQP06,PLNT2,Fanuc,SN-5069278747,2015,Workstation,W
PLNT2_WC025_EQP07,PLNT2,Siemens,SN-3823872985,2014,Workstation,W
PLNT2_WC025_EQP08,PLNT2,Fanuc,SN-4425031147,2014,Conveyor,C
PLNT2_WC025_EQP09,PLNT2,Fanuc,SN-7839131328,2015,Robot,R
PLNT2_WC025_EQP10,PLNT2,Fanuc,SN-8783790033,2019,Robot,R
PLNT2_WC026_EQP01,PLNT2,Fanuc,SN-9686877419,2019,Generic Equipment,GE
PLNT2_WC026_EQP02,PLNT2,Fanuc,SN-9468307568,2022,Generic Equipment,GE
PLNT2_WC026_EQP03,PLNT2,ABB,SN-5102357738,2013,Generic Equipment,GE
PLNT2_WC026_EQP04,PLNT2,Bosch,SN-6602295174,2014,Generic Equipment,GE
PLNT2_WC026_EQP05,PLNT2,ABB,SN-3527285459,2014,Generic Equipment,GE
PLNT2_WC026_EQP06,PLNT2,GE,SN-7520453428,2022,Generic Equipment,GE
PLNT2_WC026_EQP07,PLNT2,KUKA,SN-4364236315,2016,Generic Equipment,GE
PLNT2_WC026_EQP08,PLNT2,Bosch,SN-3189793394,2019,Generic Equipment,GE
PLNT2_WC026_EQP09,PLNT2,Fanuc,SN-9053506449,2014,Generic Equipment,GE
PLNT2_WC026_EQP10,PLNT2,ABB,SN-9464016687,2019,Generic Equipment,GE
PLNT2_WC027_EQP01,PLNT2,ABB,SN-4736139938,2019,Robot,R
PLNT2_WC027_EQP02,PLNT2,Fanuc,SN-7741056704,2019,Conveyor,C
PLNT2_WC027_EQP03,PLNT2,Siemens,SN-2511288977,2020,Robot,R
PLNT2_WC027_EQP04,PLNT2,Bosch,SN-2337191674,2022,Robot,R
PLNT2_WC027_EQP05,PLNT2,GE,SN-6738663208,2019,Conveyor,C
PLNT2_WC027_EQP06,PLNT2,Fanuc,SN-1977831384,2020,Workstation,W
PLNT2_WC027_EQP07,PLNT2,ABB,SN-0866649587,2019,Conveyor,C
PLNT2_WC027_EQP08,PLNT2,GE,SN-9932488377,2017,Conveyor,C
PLNT2_WC027_EQP09,PLNT2,Fanuc,SN-8340683656,2013,Conveyor,C
PLNT2_WC027_EQP10,PLNT2,Siemens,SN-4714124138,2013,Robot,R
PLNT2_WC028_EQP01,PLNT2,Bosch,SN-7533871267,2017,Generic Equipment,GE
PLNT2_WC028_EQP02,PLNT2,Fanuc,SN-7109990492,2016,Generic Equipment,GE
PLNT2_WC028_EQP03,PLNT2,ABB,SN-7641202633,2016,Generic Equipment,GE
PLNT2_WC028_EQP04,PLNT2,ABB,SN-8153515072,2022,Generic Equipment,GE
PLNT2_WC028_EQP05,PLNT2,ABB,SN-1471540210,2019,Generic Equipment,GE
PLNT2_WC028_EQP06,PLNT2,ABB,SN-4339197628,2016,Generic Equipment,GE
PLNT2_WC028_EQP07,PLNT2,Bosch,SN-3751588105,2020,Generic Equipment,GE
PLNT2_WC028_EQP08,PLNT2,GE,SN-1755929110,2021,Generic Equipment,GE
PLNT2_WC028_EQP09,PLNT2,KUKA,SN-4002231008,2014,Generic Equipment,GE
PLNT2_WC028_EQP10,PLNT2,Siemens,SN-9693321798,2014,Generic Equipment,GE
PLNT2_WC029_EQP01,PLNT2,ABB,SN-5328878414,2019,Generic Equipment,GE
PLNT2_WC029_EQP02,PLNT2,GE,SN-1813404725,2018,Generic Equipment,GE
PLNT2_WC029_EQP03,PLNT2,Siemens,SN-7013696979,2020,Generic Equipment,GE
PLNT2_WC029_EQP04,PLNT2,Bosch,SN-8338381688,2018,Generic Equipment,GE
PLNT2_WC029_EQP05,PLNT2,GE,SN-7451270271,2015,Generic Equipment,GE
PLNT2_WC029_EQP06,PLNT2,Siemens,SN-6462136409,2017,Generic Equipment,GE
PLNT2_WC029_EQP07,PLNT2,Siemens,SN-0473223672,2014,Generic Equipment,GE
PLNT2_WC029_EQP08,PLNT2,Fanuc,SN-3940271407,2022,Generic Equipment,GE
PLNT2_WC029_EQP09,PLNT2,GE,SN-5785419806,2013,Generic Equipment,GE
PLNT2_WC029_EQP10,PLNT2,KUKA,SN-8757480552,2022,Generic Equipment,GE
PLNT2_WC030_EQP01,PLNT2,GE,SN-3720557318,2014,Vertical,V
PLNT2_WC030_EQP02,PLNT2,ABB,SN-5211397501,2016,Vertical,V
PLNT2_WC030_EQP03,PLNT2,Siemens,SN-9627707948,2020,Vertical,V
PLNT2_WC030_EQP04,PLNT2,Bosch,SN-8130439074,2014,Horizontal,H
PLNT2_WC030_EQP05,PLNT2,Fanuc,SN-6578596104,2013,Horizontal,H
PLNT2_WC030_EQP06,PLNT2,Bosch,SN-7003724383,2022,Horizontal,H
PLNT2_WC030_EQP07,PLNT2,KUKA,SN-6915735241,2015,Vertical,V
PLNT2_WC030_EQP08,PLNT2,Siemens,SN-1035324663,2021,Vertical,V
PLNT2_WC030_EQP09,PLNT2,GE,SN-0779740093,2017,Horizontal,H
PLNT2_WC030_EQP10,PLNT2,GE,SN-3454221884,2013,Vertical,V
PLNT3_WC001_EQP01,PLNT3,KUKA,SN-7954344954,2021,Horizontal,H
PLNT3_WC001_EQP02,PLNT3,Bosch,SN-7206368537,2016,Vertical,V
PLNT3_WC001_EQP03,PLNT3,KUKA,SN-7491300479,2021,Vertical,V
PLNT3_WC001_EQP04,PLNT3,ABB,SN-5692441213,2018,Horizontal,H
PLNT3_WC001_EQP05,PLNT3,GE,SN-8192443314,2018,Horizontal,H
PLNT3_WC001_EQP06,PLNT3,ABB,SN-4257483994,2022,Vertical,V
PLNT3_WC001_EQP07,PLNT3,Fanuc,SN-8904139020,2016,Vertical,V
PLNT3_WC001_EQP08,PLNT3,KUKA,SN-9026670582,2018,Vertical,V
PLNT3_WC001_EQP09,PLNT3,Siemens,SN-6373315915,2018,Vertical,V
PLNT3_WC001_EQP10,PLNT3,Siemens,SN-2301753038,2017,Horizontal,H
PLNT3_WC002_EQP01,PLNT3,Bosch,SN-3218298055,2019,Generic Equipment,GE
PLNT3_WC002_EQP02,PLNT3,GE,SN-2623182469,2016,Generic Equipment,GE
PLNT3_WC002_EQP03,PLNT3,GE,SN-1019138951,2017,Generic Equipment,GE
PLNT3_WC002_EQP04,PLNT3,Siemens,SN-0241767523,2019,Generic Equipment,GE
PLNT3_WC002_EQP05,PLNT3,Bosch,SN-2519943860,2015,Generic Equipment,GE
PLNT3_WC002_EQP06,PLNT3,Fanuc,SN-4792001646,2022,Generic Equipment,GE
PLNT3_WC002_EQP07,PLNT3,ABB,SN-6186811758,2018,Generic Equipment,GE
PLNT3_WC002_EQP08,PLNT3,ABB,SN-5685647888,2015,Generic Equipment,GE
PLNT3_WC002_EQP09,PLNT3,ABB,SN-5438122192,2022,Generic Equipment,GE
PLNT3_WC002_EQP10,PLNT3,ABB,SN-0305697560,2020,Generic Equipment,GE
PLNT3_WC003_EQP01,PLNT3,KUKA,SN-8099268084,2015,Generic Equipment,GE
PLNT3_WC003_EQP02,PLNT3,ABB,SN-4406603228,2020,Generic Equipment,GE
PLNT3_WC003_EQP03,PLNT3,KUKA,SN-4233274346,2015,Generic Equipment,GE
PLNT3_WC003_EQP04,PLNT3,KUKA,SN-2718849332,2014,Generic Equipment,GE
PLNT3_WC003_EQP05,PLNT3,GE,SN-5494528960,2022,Generic Equipment,GE
PLNT3_WC003_EQP06,PLNT3,Siemens,SN-1273612866,2013,Generic Equipment,GE
PLNT3_WC003_EQP07,PLNT3,KUKA,SN-3291513964,2022,Generic Equipment,GE
PLNT3_WC003_EQP08,PLNT3,GE,SN-1295738352,2014,Generic Equipment,GE
PLNT3_WC003_EQP09,PLNT3,Bosch,SN-7623234136,2021,Generic Equipment,GE
PLNT3_WC003_EQP10,PLNT3,Bosch,SN-8049959114,2016,Generic Equipment,GE
PLNT3_WC004_EQP01,PLNT3,Bosch,SN-3078402718,2013,Conveyor,C
PLNT3_WC004_EQP02,PLNT3,KUKA,SN-9824693733,2017,Robot,R
PLNT3_WC004_EQP03,PLNT3,Siemens,SN-2634715097,2017,Workstation,W
PLNT3_WC004_EQP04,PLNT3,Bosch,SN-8790394980,2016,Conveyor,C
PLNT3_WC004_EQP05,PLNT3,Fanuc,SN-4984069288,2019,Conveyor,C
PLNT3_WC004_EQP06,PLNT3,KUKA,SN-2905501143,2013,Robot,R
PLNT3_WC004_EQP07,PLNT3,GE,SN-4183129223,2016,Workstation,W
PLNT3_WC004_EQP08,PLNT3,GE,SN-1234095329,2017,Conveyor,C
PLNT3_WC004_EQP09,PLNT3,ABB,SN-6734734273,2021,Robot,R
PLNT3_WC004_EQP10,PLNT3,Siemens,SN-0709467627,2013,Conveyor,C
PLNT3_WC005_EQP01,PLNT3,ABB,SN-4458806912,2016,Generic Equipment,GE
PLNT3_WC005_EQP02,PLNT3,KUKA,SN-0962215835,2020,Generic Equipment,GE
PLNT3_WC005_EQP03,PLNT3,Fanuc,SN-5333956491,2016,Generic Equipment,GE
PLNT3_WC005_EQP04,PLNT3,Siemens,SN-0497687073,2021,Generic Equipment,GE
PLNT3_WC005_EQP05,PLNT3,Bosch,SN-4369826116,2016,Generic Equipment,GE
PLNT3_WC005_EQP06,PLNT3,GE,SN-8531849231,2013,Generic Equipment,GE
PLNT3_WC005_EQP07,PLNT3,GE,SN-0972907531,2022,Generic Equipment,GE
PLNT3_WC005_EQP08,PLNT3,Bosch,SN-8890341569,2017,Generic Equipment,GE
PLNT3_WC005_EQP09,PLNT3,KUKA,SN-4440727429,2018,Generic Equipment,GE
PLNT3_WC005_EQP10,PLNT3,ABB,SN-9762952949,2018,Generic Equipment,GE
PLNT3_WC006_EQP01,PLNT3,KUKA,SN-1877075143,2019,Conveyor,C
PLNT3_WC006_EQP02,PLNT3,Siemens,SN-2955565850,2018,Robot,R
PLNT3_WC006_EQP03,PLNT3,Fanuc,SN-9324514655,2014,Workstation,W
PLNT3_WC006_EQP04,PLNT3,Siemens,SN-1051894373,2015,Workstation,W
PLNT3_WC006_EQP05,PLNT3,Bosch,SN-4524375164,2017,Conveyor,C
PLNT3_WC006_EQP06,PLNT3,KUKA,SN-8997800765,2022,Workstation,W
PLNT3_WC006_EQP07,PLNT3,Siemens,SN-9391252127,2017,Robot,R
PLNT3_WC006_EQP08,PLNT3,GE,SN-6646682416,2021,Workstation,W
PLNT3_WC006_EQP09,PLNT3,GE,SN-3147077131,2017,Robot,R
PLNT3_WC006_EQP10,PLNT3,Fanuc,SN-9456880160,2022,Robot,R
PLNT3_WC007_EQP01,PLNT3,Bosch,SN-7224628461,2017,Robot,R
PLNT3_WC007_EQP02,PLNT3,Siemens,SN-0740501427,2015,Conveyor,C
PLNT3_WC007_EQP03,PLNT3,KUKA,SN-4861417478,2020,Robot,R
PLNT3_WC007_EQP04,PLNT3,Siemens,SN-9700021780,2017,Robot,R
PLNT3_WC007_EQP05,PLNT3,GE,SN-4069748687,2020,Workstation,W
PLNT3_WC007_EQP06,PLNT3,GE,SN-1128482887,2019,Conveyor,C
PLNT3_WC007_EQP07,PLNT3,KUKA,SN-0386939281,2022,Robot,R
PLNT3_WC007_EQP08,PLNT3,ABB,SN-4993926838,2014,Robot,R
PLNT3_WC007_EQP09,PLNT3,Bosch,SN-4625251077,2016,Conveyor,C
PLNT3_WC007_EQP10,PLNT3,Siemens,SN-2133529552,2016,Workstation,W
PLNT3_WC008_EQP01,PLNT3,Fanuc,SN-3332104690,2018,Generic Equipment,GE
PLNT3_WC008_EQP02,PLNT3,ABB,SN-3663015258,2013,Generic Equipment,GE
PLNT3_WC008_EQP03,PLNT3,KUKA,SN-4409396546,2015,Generic Equipment,GE
PLNT3_WC008_EQP04,PLNT3,Fanuc,SN-3840383017,2016,Generic Equipment,GE
PLNT3_WC008_EQP05,PLNT3,Fanuc,SN-8363083687,2020,Generic Equipment,GE
PLNT3_WC008_EQP06,PLNT3,Bosch,SN-9741948258,2022,Generic Equipment,GE
PLNT3_WC008_EQP07,PLNT3,Siemens,SN-0395539812,2017,Generic Equipment,GE
PLNT3_WC008_EQP08,PLNT3,Siemens,SN-7601645576,2017,Generic Equipment,GE
PLNT3_WC008_EQP09,PLNT3,Fanuc,SN-5097910809,2020,Generic Equipment,GE
PLNT3_WC008_EQP10,PLNT3,GE,SN-8765675963,2022,Generic Equipment,GE
PLNT3_WC009_EQP01,PLNT3,Siemens,SN-4340783546,2014,Generic Equipment,GE
PLNT3_WC009_EQP02,PLNT3,Siemens,SN-6096870138,2015,Generic Equipment,GE
PLNT3_WC009_EQP03,PLNT3,Fanuc,SN-2461915916,2022,Generic Equipment,GE
PLNT3_WC009_EQP04,PLNT3,Siemens,SN-9195032256,2016,Generic Equipment,GE
PLNT3_WC009_EQP05,PLNT3,ABB,SN-0372719290,2013,Generic Equipment,GE
PLNT3_WC009_EQP06,PLNT3,GE,SN-3579688905,2013,Generic Equipment,GE
PLNT3_WC009_EQP07,PLNT3,Fanuc,SN-1660522031,2015,Generic Equipment,GE
PLNT3_WC009_EQP08,PLNT3,ABB,SN-8651823830,2014,Generic Equipment,GE
PLNT3_WC009_EQP09,PLNT3,Siemens,SN-5832653796,2020,Generic Equipment,GE
PLNT3_WC009_EQP10,PLNT3,KUKA,SN-7534492464,2013,Generic Equipment,GE
PLNT3_WC010_EQP01,PLNT3,GE,SN-6041491434,2019,Arc,A
PLNT3_WC010_EQP02,PLNT3,Fanuc,SN-2564623674,2013,MIG,M
PLNT3_WC010_EQP03,PLNT3,Bosch,SN-9657970664,2018,TIG,T
PLNT3_WC010_EQP04,PLNT3,Siemens,SN-9083167462,2013,Arc,A
PLNT3_WC010_EQP05,PLNT3,Fanuc,SN-6313329660,2016,TIG,T
PLNT3_WC010_EQP06,PLNT3,GE,SN-6671845556,2014,TIG,T
PLNT3_WC010_EQP07,PLNT3,ABB,SN-3929156346,2020,TIG,T
PLNT3_WC010_EQP08,PLNT3,GE,SN-2803587116,2021,TIG,T
PLNT3_WC010_EQP09,PLNT3,Siemens,SN-3590409566,2014,TIG,T
PLNT3_WC010_EQP10,PLNT3,ABB,SN-0790024250,2021,TIG,T
PLNT3_WC011_EQP01,PLNT3,KUKA,SN-3199646213,2016,Horizontal,H
PLNT3_WC011_EQP02,PLNT3,KUKA,SN-6296686807,2021,Horizontal,H
PLNT3_WC011_EQP03,PLNT3,Bosch,SN-9823511440,2019,Horizontal,H
PLNT3_WC011_EQP04,PLNT3,Bosch,SN-6512208633,2017,Horizontal,H
PLNT3_WC011_EQP05,PLNT3,KUKA,SN-1382663498,2018,Horizontal,H
PLNT3_WC011_EQP06,PLNT3,Bosch,SN-7080031630,2014,Horizontal,H
PLNT3_WC011_EQP07,PLNT3,Bosch,SN-5473290337,2018,Vertical,V
PLNT3_WC011_EQP08,PLNT3,Fanuc,SN-3992763640,2013,Horizontal,H
PLNT3_WC011_EQP09,PLNT3,Bosch,SN-1403461840,2021,Horizontal,H
PLNT3_WC011_EQP10,PLNT3,ABB,SN-5333305872,2014,Vertical,V
PLNT3_WC012_EQP01,PLNT3,ABB,SN-8987303734,2018,Generic Equipment,GE
PLNT3_WC012_EQP02,PLNT3,Fanuc,SN-7753275031,2016,Generic Equipment,GE
PLNT3_WC012_EQP03,PLNT3,ABB,SN-5399566703,2016,Generic Equipment,GE
PLNT3_WC012_EQP04,PLNT3,KUKA,SN-3287303711,2013,Generic Equipment,GE
PLNT3_WC012_EQP05,PLNT3,GE,SN-6222094298,2016,Generic Equipment,GE
PLNT3_WC012_EQP06,PLNT3,ABB,SN-3670299871,2019,Generic Equipment,GE
PLNT3_WC012_EQP07,PLNT3,GE,SN-3210732066,2016,Generic Equipment,GE
PLNT3_WC012_EQP08,PLNT3,GE,SN-3900219711,2021,Generic Equipment,GE
PLNT3_WC012_EQP09,PLNT3,ABB,SN-6757883962,2021,Generic Equipment,GE
PLNT3_WC012_EQP10,PLNT3,KUKA,SN-1171876056,2019,Generic Equipment,GE
PLNT3_WC013_EQP01,PLNT3,GE,SN-4456715081,2014,Generic Equipment,GE
PLNT3_WC013_EQP02,PLNT3,Fanuc,SN-7610451397,2018,Generic Equipment,GE
PLNT3_WC013_EQP03,PLNT3,Siemens,SN-5634566798,2020,Generic Equipment,GE
PLNT3_WC013_EQP04,PLNT3,GE,SN-9441087612,2018,Generic Equipment,GE
PLNT3_WC013_EQP05,PLNT3,Bosch,SN-9375394110,2019,Generic Equipment,GE
PLNT3_WC013_EQP06,PLNT3,KUKA,SN-2365891597,2016,Generic Equipment,GE
PLNT3_WC013_EQP07,PLNT3,Fanuc,SN-4904034937,2021,Generic Equipment,GE
PLNT3_WC013_EQP08,PLNT3,Bosch,SN-3537718082,2022,Generic Equipment,GE
PLNT3_WC013_EQP09,PLNT3,GE,SN-0210817746,2021,Generic Equipment,GE
PLNT3_WC013_EQP10,PLNT3,Siemens,SN-8723776249,2019,Generic Equipment,GE
PLNT3_WC014_EQP01,PLNT3,GE,SN-0912052700,2020,Automated,A
PLNT3_WC014_EQP02,PLNT3,Siemens,SN-7466438157,2013,Manual,M
PLNT3_WC014_EQP03,PLNT3,Bosch,SN-4919590064,2018,Automated,A
PLNT3_WC014_EQP04,PLNT3,KUKA,SN-8488140137,2013,Manual,M
PLNT3_WC014_EQP05,PLNT3,KUKA,SN-8395399558,2022,Manual,M
PLNT3_WC014_EQP06,PLNT3,KUKA,SN-2963618046,2014,Manual,M
PLNT3_WC014_EQP07,PLNT3,ABB,SN-4771186517,2017,Automated,A
PLNT3_WC014_EQP08,PLNT3,Fanuc,SN-8096792145,2015,Automated,A
PLNT3_WC014_EQP09,PLNT3,GE,SN-1984622416,2019,Automated,A
PLNT3_WC014_EQP10,PLNT3,KUKA,SN-3219333780,2020,Manual,M
PLNT3_WC015_EQP01,PLNT3,Siemens,SN-4972642068,2016,TIG,T
PLNT3_WC015_EQP02,PLNT3,KUKA,SN-7726954764,2018,MIG,M
PLNT3_WC015_EQP03,PLNT3,KUKA,SN-3327216049,2017,TIG,T
PLNT3_WC015_EQP04,PLNT3,Fanuc,SN-3935780726,2017,TIG,T
PLNT3_WC015_EQP05,PLNT3,Fanuc,SN-1206134280,2022,MIG,M
PLNT3_WC015_EQP06,PLNT3,Fanuc,SN-0799100251,2020,TIG,T
PLNT3_WC015_EQP07,PLNT3,KUKA,SN-5306700198,2018,Arc,A
PLNT3_WC015_EQP08,PLNT3,Siemens,SN-8049633658,2017,MIG,M
PLNT3_WC015_EQP09,PLNT3,Siemens,SN-0775299994,2013,TIG,T
PLNT3_WC015_EQP10,PLNT3,Bosch,SN-1133892968,2020,Arc,A
PLNT3_WC016_EQP01,PLNT3,Bosch,SN-9746721157,2020,Arc,A
PLNT3_WC016_EQP02,PLNT3,Bosch,SN-5682586651,2014,Arc,A
PLNT3_WC016_EQP03,PLNT3,Fanuc,SN-7341627032,2015,MIG,M
PLNT3_WC016_EQP04,PLNT3,ABB,SN-4457409409,2015,MIG,M
PLNT3_WC016_EQP05,PLNT3,KUKA,SN-4017262152,2018,Arc,A
PLNT3_WC016_EQP06,PLNT3,GE,SN-6309642962,2014,MIG,M
PLNT3_WC016_EQP07,PLNT3,Bosch,SN-8877535274,2016,MIG,M
PLNT3_WC016_EQP08,PLNT3,ABB,SN-3614472666,2014,TIG,T
PLNT3_WC016_EQP09,PLNT3,Bosch,SN-3079410613,2015,TIG,T
PLNT3_WC016_EQP10,PLNT3,KUKA,SN-3790973258,2015,MIG,M
PLNT3_WC017_EQP01,PLNT3,KUKA,SN-7101558934,2014,Generic Equipment,GE
PLNT3_WC017_EQP02,PLNT3,ABB,SN-1402962399,2021,Generic Equipment,GE
PLNT3_WC017_EQP03,PLNT3,Fanuc,SN-8127096521,2014,Generic Equipment,GE
PLNT3_WC017_EQP04,PLNT3,KUKA,SN-4468409162,2017,Generic Equipment,GE
PLNT3_WC017_EQP05,PLNT3,Fanuc,SN-0261619215,2019,Generic Equipment,GE
PLNT3_WC017_EQP06,PLNT3,ABB,SN-1065516253,2019,Generic Equipment,GE
PLNT3_WC017_EQP07,PLNT3,KUKA,SN-6406371833,2021,Generic Equipment,GE
PLNT3_WC017_EQP08,PLNT3,GE,SN-8281450091,2013,Generic Equipment,GE
PLNT3_WC017_EQP09,PLNT3,ABB,SN-1139749718,2016,Generic Equipment,GE
PLNT3_WC017_EQP10,PLNT3,KUKA,SN-1066920315,2019,Generic Equipment,GE
PLNT3_WC018_EQP01,PLNT3,ABB,SN-8314328704,2021,Generic Equipment,GE
PLNT3_WC018_EQP02,PLNT3,Bosch,SN-2754024115,2018,Generic Equipment,GE
PLNT3_WC018_EQP03,PLNT3,GE,SN-9025012733,2021,Generic Equipment,GE
PLNT3_WC018_EQP04,PLNT3,GE,SN-3804515410,2018,Generic Equipment,GE
PLNT3_WC018_EQP05,PLNT3,Fanuc,SN-4384828152,2022,Generic Equipment,GE
PLNT3_WC018_EQP06,PLNT3,Siemens,SN-6803051498,2018,Generic Equipment,GE
PLNT3_WC018_EQP07,PLNT3,Siemens,SN-1665915455,2018,Generic Equipment,GE
PLNT3_WC018_EQP08,PLNT3,KUKA,SN-9162100426,2022,Generic Equipment,GE
PLNT3_WC018_EQP09,PLNT3,ABB,SN-7778682462,2014,Generic Equipment,GE
PLNT3_WC018_EQP10,PLNT3,GE,SN-0945100358,2019,Generic Equipment,GE
PLNT3_WC019_EQP01,PLNT3,KUKA,SN-5160293049,2016,Automated,A
PLNT3_WC019_EQP02,PLNT3,ABB,SN-8096012141,2014,Automated,A
PLNT3_WC019_EQP03,PLNT3,KUKA,SN-7615317063,2016,Manual,M
PLNT3_WC019_EQP04,PLNT3,Bosch,SN-9143033241,2014,Automated,A
PLNT3_WC019_EQP05,PLNT3,GE,SN-4447742827,2017,Automated,A
PLNT3_WC019_EQP06,PLNT3,Siemens,SN-7491091415,2016,Manual,M
PLNT3_WC019_EQP07,PLNT3,KUKA,SN-8134368616,2013,Automated,A
PLNT3_WC019_EQP08,PLNT3,GE,SN-6681344781,2014,Automated,A
PLNT3_WC019_EQP09,PLNT3,ABB,SN-1178528837,2013,Manual,M
PLNT3_WC019_EQP10,PLNT3,Fanuc,SN-2990487588,2016,Manual,M
PLNT3_WC020_EQP01,PLNT3,Fanuc,SN-0356889836,2021,Manual,M
PLNT3_WC020_EQP02,PLNT3,Bosch,SN-7987775213,2021,Automated,A
PLNT3_WC020_EQP03,PLNT3,Bosch,SN-9653814582,2018,Manual,M
PLNT3_WC020_EQP04,PLNT3,Fanuc,SN-8595017574,2015,Manual,M
PLNT3_WC020_EQP05,PLNT3,ABB,SN-1901225761,2019,Automated,A
PLNT3_WC020_EQP06,PLNT3,GE,SN-3518146811,2015,Manual,M
PLNT3_WC020_EQP07,PLNT3,Siemens,SN-7237181899,2014,Manual,M
PLNT3_WC020_EQP08,PLNT3,Siemens,SN-3897369556,2018,Automated,A
PLNT3_WC020_EQP09,PLNT3,Fanuc,SN-3372947617,2016,Manual,M
PLNT3_WC020_EQP10,PLNT3,Siemens,SN-2423799063,2015,Manual,M
PLNT3_WC021_EQP01,PLNT3,ABB,SN-0485955804,2016,Manual,M
PLNT3_WC021_EQP02,PLNT3,KUKA,SN-6583557613,2017,Manual,M
PLNT3_WC021_EQP03,PLNT3,Siemens,SN-5819103390,2018,Manual,M
PLNT3_WC021_EQP04,PLNT3,KUKA,SN-4132950075,2021,Manual,M
PLNT3_WC021_EQP05,PLNT3,Siemens,SN-8171780827,2017,Manual,M
PLNT3_WC021_EQP06,PLNT3,Fanuc,SN-7981026116,2015,Automated,A
PLNT3_WC021_EQP07,PLNT3,KUKA,SN-1649441096,2019,Manual,M
PLNT3_WC021_EQP08,PLNT3,Fanuc,SN-2093051011,2022,Automated,A
PLNT3_WC021_EQP09,PLNT3,GE,SN-1524739234,2017,Manual,M
PLNT3_WC021_EQP10,PLNT3,Siemens,SN-3447346742,2013,Automated,A
PLNT3_WC022_EQP01,PLNT3,GE,SN-3763361576,2016,Manual,M
PLNT3_WC022_EQP02,PLNT3,Siemens,SN-0151869451,2022,Automated,A
PLNT3_WC022_EQP03,PLNT3,KUKA,SN-7891459031,2014,Manual,M
PLNT3_WC022_EQP04,PLNT3,Fanuc,SN-1609921303,2016,Manual,M
PLNT3_WC022_EQP05,PLNT3,KUKA,SN-0478228768,2022,Manual,M
PLNT3_WC022_EQP06,PLNT3,Fanuc,SN-7380171203,2021,Automated,A
PLNT3_WC022_EQP07,PLNT3,KUKA,SN-2200397585,2018,Manual,M
PLNT3_WC022_EQP08,PLNT3,Fanuc,SN-2436198402,2020,Automated,A
PLNT3_WC022_EQP09,PLNT3,Bosch,SN-1861426223,2021,Automated,A
PLNT3_WC022_EQP10,PLNT3,Siemens,SN-4098271279,2015,Automated,A
PLNT3_WC023_EQP01,PLNT3,Bosch,SN-0510979936,2021,Lathe,L
PLNT3_WC023_EQP02,PLNT3,KUKA,SN-0800768512,2014,Drill,D
PLNT3_WC023_EQP03,PLNT3,KUKA,SN-4442577844,2015,Lathe,L
PLNT3_WC023_EQP04,PLNT3,KUKA,SN-6273660142,2015,Mill,M
PLNT3_WC023_EQP05,PLNT3,Fanuc,SN-7411369112,2017,Mill,M
PLNT3_WC023_EQP06,PLNT3,Bosch,SN-9004243722,2022,Drill,D
PLNT3_WC023_EQP07,PLNT3,KUKA,SN-1147592511,2018,Lathe,L
PLNT3_WC023_EQP08,PLNT3,Fanuc,SN-8105374572,2013,Mill,M
PLNT3_WC023_EQP09,PLNT3,Fanuc,SN-6967265789,2017,Lathe,L
PLNT3_WC023_EQP10,PLNT3,Bosch,SN-2862484391,2020,Mill,M
PLNT3_WC024_EQP01,PLNT3,KUKA,SN-3593004538,2013,Generic Equipment,GE
PLNT3_WC024_EQP02,PLNT3,KUKA,SN-8283488945,2022,Generic Equipment,GE
PLNT3_WC024_EQP03,PLNT3,Fanuc,SN-4660323765,2020,Generic Equipment,GE
PLNT3_WC024_EQP04,PLNT3,Siemens,SN-9695520306,2015,Generic Equipment,GE
PLNT3_WC024_EQP05,PLNT3,ABB,SN-4729576702,2022,Generic Equipment,GE
PLNT3_WC024_EQP06,PLNT3,ABB,SN-4798197609,2014,Generic Equipment,GE
PLNT3_WC024_EQP07,PLNT3,KUKA,SN-1910101617,2014,Generic Equipment,GE
PLNT3_WC024_EQP08,PLNT3,KUKA,SN-3044579775,2017,Generic Equipment,GE
PLNT3_WC024_EQP09,PLNT3,Fanuc,SN-0705410923,2018,Generic Equipment,GE
PLNT3_WC024_EQP10,PLNT3,Siemens,SN-2592051119,2022,Generic Equipment,GE
PLNT3_WC025_EQP01,PLNT3,Bosch,SN-8589524569,2016,Conveyor,C
PLNT3_WC025_EQP02,PLNT3,Siemens,SN-9367809815,2021,Conveyor,C
PLNT3_WC025_EQP03,PLNT3,KUKA,SN-4746972874,2016,Workstation,W
PLNT3_WC025_EQP04,PLNT3,ABB,SN-9836641816,2021,Robot,R
PLNT3_WC025_EQP05,PLNT3,Fanuc,SN-6008631750,2014,Workstation,W
PLNT3_WC025_EQP06,PLNT3,ABB,SN-4990507190,2015,Robot,R
PLNT3_WC025_EQP07,PLNT3,Fanuc,SN-5464918394,2022,Workstation,W
PLNT3_WC025_EQP08,PLNT3,ABB,SN-1490618536,2022,Workstation,W
PLNT3_WC025_EQP09,PLNT3,ABB,SN-5382709454,2017,Robot,R
PLNT3_WC025_EQP10,PLNT3,Fanuc,SN-5868619324,2017,Workstation,W
PLNT3_WC026_EQP01,PLNT3,Bosch,SN-8210432584,2022,Workstation,W
PLNT3_WC026_EQP02,PLNT3,KUKA,SN-1535135332,2020,Conveyor,C
PLNT3_WC026_EQP03,PLNT3,Fanuc,SN-9285349804,2021,Robot,R
PLNT3_WC026_EQP04,PLNT3,Siemens,SN-8092423425,2021,Conveyor,C
PLNT3_WC026_EQP05,PLNT3,Siemens,SN-3458639123,2015,Robot,R
PLNT3_WC026_EQP06,PLNT3,GE,SN-1396306391,2018,Robot,R
PLNT3_WC026_EQP07,PLNT3,Siemens,SN-6263795171,2019,Robot,R
PLNT3_WC026_EQP08,PLNT3,GE,SN-2425777696,2020,Robot,R
PLNT3_WC026_EQP09,PLNT3,Fanuc,SN-1185082007,2013,Robot,R
PLNT3_WC026_EQP10,PLNT3,Siemens,SN-1202694558,2016,Conveyor,C
PLNT3_WC027_EQP01,PLNT3,KUKA,SN-3287275375,2017,Vertical,V
PLNT3_WC027_EQP02,PLNT3,Bosch,SN-5274667860,2014,Vertical,V
PLNT3_WC027_EQP03,PLNT3,Siemens,SN-1681459150,2017,Vertical,V
PLNT3_WC027_EQP04,PLNT3,ABB,SN-6921001491,2021,Vertical,V
PLNT3_WC027_EQP05,PLNT3,KUKA,SN-8971391869,2016,Horizontal,H
PLNT3_WC027_EQP06,PLNT3,Bosch,SN-4531955389,2016,Horizontal,H
PLNT3_WC027_EQP07,PLNT3,GE,SN-3301693175,2013,Horizontal,H
PLNT3_WC027_EQP08,PLNT3,ABB,SN-3355600304,2013,Vertical,V
PLNT3_WC027_EQP09,PLNT3,Siemens,SN-0994468932,2021,Vertical,V
PLNT3_WC027_EQP10,PLNT3,GE,SN-6069512562,2022,Horizontal,H
PLNT3_WC028_EQP01,PLNT3,KUKA,SN-3073999773,2016,Generic Equipment,GE
PLNT3_WC028_EQP02,PLNT3,GE,SN-8014797291,2018,Generic Equipment,GE
PLNT3_WC028_EQP03,PLNT3,KUKA,SN-0443182438,2021,Generic Equipment,GE
PLNT3_WC028_EQP04,PLNT3,Bosch,SN-1063325022,2020,Generic Equipment,GE
PLNT3_WC028_EQP05,PLNT3,KUKA,SN-2688805078,2016,Generic Equipment,GE
PLNT3_WC028_EQP06,PLNT3,GE,SN-5805347963,2021,Generic Equipment,GE
PLNT3_WC028_EQP07,PLNT3,Fanuc,SN-6660935049,2014,Generic Equipment,GE
PLNT3_WC028_EQP08,PLNT3,ABB,SN-3081720093,2014,Generic Equipment,GE
PLNT3_WC028_EQP09,PLNT3,Bosch,SN-2724767742,2013,Generic Equipment,GE
PLNT3_WC028_EQP10,PLNT3,Bosch,SN-7747668814,2019,Generic Equipment,GE
PLNT3_WC029_EQP01,PLNT3,Fanuc,SN-8120355794,2021,Lathe,L
PLNT3_WC029_EQP02,PLNT3,Siemens,SN-8044152914,2019,Mill,M
PLNT3_WC029_EQP03,PLNT3,GE,SN-8690195434,2019,Drill,D
PLNT3_WC029_EQP04,PLNT3,GE,SN-1935911445,2014,Lathe,L
PLNT3_WC029_EQP05,PLNT3,ABB,SN-6909865377,2022,Drill,D
PLNT3_WC029_EQP06,PLNT3,GE,SN-9185238719,2021,Drill,D
PLNT3_WC029_EQP07,PLNT3,KUKA,SN-6767317799,2015,Lathe,L
PLNT3_WC029_EQP08,PLNT3,KUKA,SN-3298864304,2020,Mill,M
PLNT3_WC029_EQP09,PLNT3,Siemens,SN-8046862531,2016,Lathe,L
PLNT3_WC029_EQP10,PLNT3,KUKA,SN-3658514439,2017,Lathe,L
PLNT3_WC030_EQP01,PLNT3,GE,SN-1758773870,2014,Automated,A
PLNT3_WC030_EQP02,PLNT3,ABB,SN-7404650811,2018,Manual,M
PLNT3_WC030_EQP03,PLNT3,ABB,SN-5836568343,2021,Automated,A
PLNT3_WC030_EQP04,PLNT3,Bosch,SN-0014075294,2017,Automated,A
PLNT3_WC030_EQP05,PLNT3,ABB,SN-4712811077,2016,Automated,A
PLNT3_WC030_EQP06,PLNT3,Fanuc,SN-3667865787,2021,Manual,M
PLNT3_WC030_EQP07,PLNT3,Bosch,SN-2453146764,2020,Automated,A
PLNT3_WC030_EQP08,PLNT3,GE,SN-0145543567,2013,Manual,M
PLNT3_WC030_EQP09,PLNT3,GE,SN-5738989008,2014,Automated,A
PLNT3_WC030_EQP10,PLNT3,Siemens,SN-5888355514,2017,Automated,A
