employee_id,start_date,end_date,employee_group,employee_subgroup,personnel_area,organizational_unit,position,job,cost_center,company_code
EMP100000,2018-03-19,9999-12-31,MGMT,SR,PA02,ORG1745,Media planner,MANAGER,CC5786,1000
EMP100001,2019-05-27,9999-12-31,SALES,LEAD,PA01,ORG1200,"Teacher, music",SPECIALIST,CC8690,1000
EMP100002,2020-11-24,9999-12-31,ADMIN,LEAD,PA02,ORG4020,Catering manager,MANAGER,CC5136,1000
EMP100003,2018-08-21,9999-12-31,ADMIN,MGR,PA01,ORG7565,"Engineer, electrical",COORDINATOR,CC2213,1000
EMP100004,2016-05-25,9999-12-31,MGMT,SR,PA01,ORG5978,"Research officer, trade union",MANAGER,CC5066,1000
EMP100005,2015-09-18,9999-12-31,MGMT,LEAD,PA03,ORG4697,"Designer, textile",COORDINATOR,CC8381,1000
EMP100006,2022-12-14,9999-12-31,ADMIN,JR,PA03,ORG8025,Intelligence analyst,SPECIALIST,CC1986,1000
EMP100007,2022-07-01,9999-12-31,MGMT,SR,PA03,ORG4457,"Scientist, forensic",SPECIALIST,CC2330,1000
EMP100008,2022-08-27,9999-12-31,SALES,SR,PA01,ORG2229,Architectural technologist,ANALYST,CC1043,1000
EMP100009,2021-06-10,9999-12-31,ADMIN,LEAD,PA03,ORG8699,Scientific laboratory technician,SPECIALIST,CC1534,1000
EMP100010,2019-03-28,9999-12-31,SALES,JR,PA03,ORG5632,"Sound technician, broadcasting/film/video",COORDINATOR,CC2166,1000
EMP100011,2021-07-05,9999-12-31,SALES,JR,PA03,ORG4241,Public librarian,COORDINATOR,CC2880,1000
EMP100012,2019-08-18,9999-12-31,SALES,SR,PA02,ORG3330,"Horticulturist, amenity",MANAGER,CC1977,1000
EMP100013,2021-05-13,9999-12-31,SALES,JR,PA03,ORG5728,Operations geologist,COORDINATOR,CC3037,1000
EMP100014,2018-06-23,9999-12-31,ADMIN,JR,PA03,ORG7594,Nutritional therapist,SPECIALIST,CC9199,1000
EMP100015,2019-01-18,9999-12-31,ADMIN,LEAD,PA01,ORG1653,"Lecturer, higher education",COORDINATOR,CC6280,1000
EMP100016,2016-04-19,9999-12-31,TECH,MGR,PA01,ORG4750,Make,MANAGER,CC5415,1000
EMP100017,2016-01-05,9999-12-31,MGMT,SR,PA02,ORG9502,Sports development officer,COORDINATOR,CC5557,1000
EMP100018,2017-05-23,9999-12-31,SALES,LEAD,PA03,ORG9056,Transport planner,MANAGER,CC8700,1000
EMP100019,2016-03-10,9999-12-31,TECH,LEAD,PA02,ORG6260,Podiatrist,MANAGER,CC3634,1000
EMP100020,2021-04-21,9999-12-31,TECH,LEAD,PA03,ORG9117,Dramatherapist,SPECIALIST,CC7561,1000
EMP100021,2016-01-10,9999-12-31,MGMT,LEAD,PA01,ORG6153,Financial risk analyst,SPECIALIST,CC6296,1000
EMP100022,2021-02-09,9999-12-31,MGMT,LEAD,PA03,ORG1018,"Investment banker, corporate",COORDINATOR,CC7770,1000
EMP100023,2019-07-09,9999-12-31,MGMT,SR,PA03,ORG6927,Petroleum engineer,COORDINATOR,CC8242,1000
EMP100024,2017-12-25,9999-12-31,MGMT,SR,PA02,ORG9998,Press sub,ANALYST,CC5719,1000
EMP100025,2018-06-21,9999-12-31,ADMIN,LEAD,PA01,ORG1472,Aid worker,ANALYST,CC3594,1000
EMP100026,2018-03-30,9999-12-31,TECH,MGR,PA03,ORG7684,"Engineer, manufacturing systems",MANAGER,CC4681,1000
EMP100027,2016-03-02,9999-12-31,MGMT,LEAD,PA01,ORG3522,Health service manager,COORDINATOR,CC5781,1000
EMP100028,2022-04-19,9999-12-31,TECH,LEAD,PA02,ORG8736,"Development worker, community",ANALYST,CC8483,1000
EMP100029,2017-09-05,9999-12-31,SALES,LEAD,PA01,ORG9327,"Administrator, charities/voluntary organisations",ANALYST,CC2143,1000
EMP100030,2018-10-01,9999-12-31,TECH,LEAD,PA02,ORG9318,Health physicist,SPECIALIST,CC1042,1000
EMP100031,2020-02-26,9999-12-31,TECH,JR,PA03,ORG9022,Phytotherapist,ANALYST,CC8316,1000
EMP100032,2021-06-08,9999-12-31,ADMIN,JR,PA02,ORG9903,"Sound technician, broadcasting/film/video",COORDINATOR,CC8460,1000
EMP100033,2016-06-09,9999-12-31,TECH,SR,PA03,ORG4912,Museum education officer,COORDINATOR,CC4826,1000
EMP100034,2015-12-10,9999-12-31,ADMIN,MGR,PA02,ORG8749,"Surveyor, hydrographic",COORDINATOR,CC7325,1000
EMP100035,2022-01-28,9999-12-31,SALES,LEAD,PA01,ORG3068,Barrister's clerk,SPECIALIST,CC2644,1000
EMP100036,2018-10-08,9999-12-31,ADMIN,MGR,PA03,ORG8486,Dietitian,MANAGER,CC3361,1000
EMP100037,2022-11-23,9999-12-31,ADMIN,SR,PA01,ORG8692,Biomedical scientist,SPECIALIST,CC6546,1000
EMP100038,2021-03-06,9999-12-31,ADMIN,MGR,PA02,ORG9742,Electronics engineer,COORDINATOR,CC6188,1000
EMP100039,2021-09-03,9999-12-31,ADMIN,MGR,PA03,ORG2121,Fine artist,ANALYST,CC5708,1000
EMP100040,2020-01-02,9999-12-31,SALES,MGR,PA02,ORG2612,"Psychotherapist, child",MANAGER,CC8269,1000
EMP100041,2015-07-28,9999-12-31,SALES,JR,PA01,ORG1753,Insurance risk surveyor,SPECIALIST,CC1919,1000
EMP100042,2022-12-17,9999-12-31,TECH,JR,PA02,ORG8056,Interior and spatial designer,ANALYST,CC5000,1000
EMP100043,2015-11-26,9999-12-31,ADMIN,SR,PA01,ORG3868,"Designer, graphic",MANAGER,CC7267,1000
EMP100044,2020-02-24,9999-12-31,SALES,LEAD,PA03,ORG3344,Jewellery designer,ANALYST,CC8555,1000
EMP100045,2022-02-17,9999-12-31,TECH,LEAD,PA02,ORG1153,Textile designer,COORDINATOR,CC5712,1000
EMP100046,2020-06-11,9999-12-31,SALES,MGR,PA02,ORG6661,Games developer,SPECIALIST,CC7951,1000
EMP100047,2020-02-03,9999-12-31,TECH,LEAD,PA02,ORG4263,Mining engineer,COORDINATOR,CC8916,1000
EMP100048,2017-09-03,9999-12-31,MGMT,SR,PA02,ORG6881,Facilities manager,SPECIALIST,CC5837,1000
EMP100049,2021-09-30,9999-12-31,MGMT,LEAD,PA02,ORG1132,Secondary school teacher,MANAGER,CC9138,1000
EMP100050,2021-08-24,9999-12-31,TECH,SR,PA03,ORG6772,Surgeon,ANALYST,CC4115,1000
EMP100051,2021-08-20,9999-12-31,TECH,SR,PA03,ORG2591,"Engineer, mining",MANAGER,CC6061,1000
EMP100052,2021-10-02,9999-12-31,ADMIN,MGR,PA03,ORG6977,Commercial art gallery manager,ANALYST,CC2476,1000
EMP100053,2018-11-04,9999-12-31,TECH,JR,PA03,ORG7807,"Conservator, museum/gallery",ANALYST,CC4289,1000
EMP100054,2017-08-25,9999-12-31,SALES,JR,PA03,ORG9221,Immunologist,SPECIALIST,CC3695,1000
EMP100055,2022-09-06,9999-12-31,TECH,LEAD,PA02,ORG6549,Artist,MANAGER,CC8673,1000
EMP100056,2021-12-08,9999-12-31,MGMT,SR,PA01,ORG7511,"Engineer, mining",SPECIALIST,CC2479,1000
EMP100057,2017-12-30,9999-12-31,ADMIN,MGR,PA02,ORG9791,Petroleum engineer,MANAGER,CC8451,1000
EMP100058,2016-08-15,9999-12-31,TECH,JR,PA03,ORG7242,Nutritional therapist,SPECIALIST,CC2775,1000
EMP100059,2021-11-22,9999-12-31,SALES,LEAD,PA01,ORG6374,Commercial/residential surveyor,ANALYST,CC2035,1000
EMP100060,2017-04-21,9999-12-31,ADMIN,JR,PA03,ORG7689,Tree surgeon,MANAGER,CC3290,1000
EMP100061,2019-11-04,9999-12-31,MGMT,MGR,PA02,ORG9071,"Engineer, maintenance (IT)",MANAGER,CC2592,1000
EMP100062,2021-06-26,9999-12-31,SALES,SR,PA02,ORG8432,Fitness centre manager,SPECIALIST,CC9850,1000
EMP100063,2016-08-11,9999-12-31,ADMIN,SR,PA02,ORG2622,Field seismologist,COORDINATOR,CC7686,1000
EMP100064,2019-12-03,9999-12-31,TECH,MGR,PA03,ORG7070,Field trials officer,ANALYST,CC8264,1000
EMP100065,2017-06-19,9999-12-31,ADMIN,SR,PA02,ORG2627,Forest/woodland manager,SPECIALIST,CC9920,1000
EMP100066,2016-10-05,9999-12-31,TECH,MGR,PA02,ORG5520,"Designer, fashion/clothing",ANALYST,CC3001,1000
EMP100067,2019-05-31,9999-12-31,ADMIN,MGR,PA03,ORG4475,Furniture designer,MANAGER,CC1828,1000
EMP100068,2022-09-21,9999-12-31,TECH,SR,PA01,ORG4362,Adult nurse,MANAGER,CC4394,1000
EMP100069,2016-05-05,9999-12-31,SALES,SR,PA02,ORG3417,"Pharmacist, community",MANAGER,CC5542,1000
EMP100070,2022-08-15,9999-12-31,SALES,SR,PA03,ORG5106,Health physicist,ANALYST,CC2801,1000
EMP100071,2021-09-16,9999-12-31,MGMT,SR,PA01,ORG6869,Licensed conveyancer,ANALYST,CC6304,1000
EMP100072,2019-10-07,9999-12-31,MGMT,SR,PA02,ORG1858,Chief Technology Officer,ANALYST,CC7897,1000
EMP100073,2021-02-28,9999-12-31,MGMT,MGR,PA02,ORG8344,"Designer, multimedia",SPECIALIST,CC9408,1000
EMP100074,2021-11-02,9999-12-31,MGMT,LEAD,PA03,ORG4629,Midwife,MANAGER,CC9543,1000
EMP100075,2020-08-08,9999-12-31,TECH,LEAD,PA03,ORG1510,Office manager,MANAGER,CC8847,1000
EMP100076,2021-11-26,9999-12-31,ADMIN,LEAD,PA03,ORG2768,Dramatherapist,COORDINATOR,CC8267,1000
EMP100077,2021-11-27,9999-12-31,MGMT,MGR,PA02,ORG3430,Government social research officer,MANAGER,CC3067,1000
EMP100078,2021-09-26,9999-12-31,TECH,JR,PA02,ORG9692,Aeronautical engineer,SPECIALIST,CC8433,1000
EMP100079,2017-06-24,9999-12-31,ADMIN,MGR,PA03,ORG2874,Chartered certified accountant,ANALYST,CC8046,1000
EMP100080,2022-12-15,9999-12-31,ADMIN,SR,PA02,ORG6553,Phytotherapist,COORDINATOR,CC7532,1000
EMP100081,2016-03-23,9999-12-31,ADMIN,MGR,PA02,ORG7992,Midwife,SPECIALIST,CC5176,1000
EMP100082,2019-11-19,9999-12-31,TECH,SR,PA03,ORG8770,Chief Executive Officer,MANAGER,CC2494,1000
EMP100083,2015-08-28,9999-12-31,MGMT,MGR,PA02,ORG2582,Site engineer,SPECIALIST,CC3131,1000
EMP100084,2019-10-02,9999-12-31,MGMT,JR,PA03,ORG3002,Acupuncturist,COORDINATOR,CC6793,1000
EMP100085,2022-07-09,9999-12-31,ADMIN,MGR,PA02,ORG6119,Chief Marketing Officer,SPECIALIST,CC2697,1000
EMP100086,2021-07-08,9999-12-31,SALES,SR,PA03,ORG8900,Legal secretary,ANALYST,CC2773,1000
EMP100087,2016-02-03,9999-12-31,TECH,JR,PA01,ORG5564,Acupuncturist,ANALYST,CC8030,1000
EMP100088,2015-08-06,9999-12-31,MGMT,JR,PA01,ORG3955,Nature conservation officer,SPECIALIST,CC6062,1000
EMP100089,2017-08-03,9999-12-31,TECH,JR,PA01,ORG3972,Hospital pharmacist,ANALYST,CC7566,1000
EMP100090,2019-01-05,9999-12-31,MGMT,SR,PA03,ORG1502,Radio broadcast assistant,MANAGER,CC9691,1000
EMP100091,2022-01-25,9999-12-31,SALES,LEAD,PA02,ORG8432,Freight forwarder,SPECIALIST,CC3578,1000
EMP100092,2022-08-11,9999-12-31,TECH,JR,PA03,ORG6314,Art gallery manager,MANAGER,CC1861,1000
EMP100093,2022-10-09,9999-12-31,SALES,SR,PA03,ORG1815,IT technical support officer,MANAGER,CC5458,1000
EMP100094,2022-12-05,9999-12-31,ADMIN,LEAD,PA02,ORG8242,"Engineer, civil (consulting)",COORDINATOR,CC5475,1000
EMP100095,2018-03-09,9999-12-31,SALES,MGR,PA02,ORG8043,"Sales professional, IT",MANAGER,CC5640,1000
EMP100096,2020-07-22,9999-12-31,ADMIN,JR,PA01,ORG4612,"Psychotherapist, child",COORDINATOR,CC1897,1000
EMP100097,2016-06-16,9999-12-31,MGMT,SR,PA02,ORG4460,Environmental consultant,ANALYST,CC5186,1000
EMP100098,2016-03-19,9999-12-31,TECH,JR,PA01,ORG1126,"Education officer, community",COORDINATOR,CC8055,1000
EMP100099,2016-11-17,9999-12-31,SALES,SR,PA02,ORG9725,Cytogeneticist,ANALYST,CC9196,1000
EMP100100,2021-11-17,9999-12-31,TECH,MGR,PA02,ORG1693,Tourist information centre manager,COORDINATOR,CC1307,1000
EMP100101,2021-09-04,9999-12-31,ADMIN,MGR,PA02,ORG8033,Energy manager,COORDINATOR,CC7843,1000
EMP100102,2016-10-27,9999-12-31,TECH,MGR,PA02,ORG1341,"Surveyor, quantity",SPECIALIST,CC3815,1000
EMP100103,2017-05-20,9999-12-31,ADMIN,JR,PA01,ORG8155,Control and instrumentation engineer,MANAGER,CC4986,1000
EMP100104,2016-07-05,9999-12-31,ADMIN,LEAD,PA03,ORG2288,Secondary school teacher,COORDINATOR,CC6083,1000
EMP100105,2015-11-18,9999-12-31,TECH,SR,PA02,ORG3754,"Scientist, research (maths)",MANAGER,CC9363,1000
EMP100106,2017-01-14,9999-12-31,MGMT,SR,PA02,ORG6752,Water engineer,ANALYST,CC4871,1000
EMP100107,2017-03-16,9999-12-31,MGMT,SR,PA02,ORG4232,"Administrator, arts",ANALYST,CC3504,1000
EMP100108,2020-12-16,9999-12-31,MGMT,SR,PA03,ORG9095,Copy,COORDINATOR,CC8354,1000
EMP100109,2022-12-10,9999-12-31,TECH,JR,PA01,ORG8205,Rural practice surveyor,MANAGER,CC8682,1000
EMP100110,2020-11-26,9999-12-31,ADMIN,JR,PA02,ORG1920,"Surveyor, minerals",SPECIALIST,CC9312,1000
EMP100111,2016-12-06,9999-12-31,MGMT,JR,PA02,ORG8404,Product/process development scientist,MANAGER,CC1932,1000
EMP100112,2016-07-19,9999-12-31,TECH,JR,PA01,ORG2479,"Pharmacist, hospital",COORDINATOR,CC8581,1000
EMP100113,2022-01-12,9999-12-31,MGMT,LEAD,PA03,ORG4084,"Administrator, sports",SPECIALIST,CC8792,1000
EMP100114,2020-04-29,9999-12-31,SALES,MGR,PA02,ORG2695,Futures trader,SPECIALIST,CC2381,1000
EMP100115,2022-05-08,9999-12-31,SALES,MGR,PA01,ORG8172,"Engineer, biomedical",COORDINATOR,CC9586,1000
EMP100116,2019-07-18,9999-12-31,SALES,JR,PA02,ORG5634,"Psychotherapist, dance movement",COORDINATOR,CC7697,1000
EMP100117,2016-05-09,9999-12-31,TECH,MGR,PA03,ORG6482,"Engineer, petroleum",MANAGER,CC6401,1000
EMP100118,2016-07-31,9999-12-31,MGMT,LEAD,PA02,ORG5128,Quantity surveyor,ANALYST,CC6461,1000
EMP100119,2020-10-20,9999-12-31,MGMT,SR,PA02,ORG6082,Recycling officer,COORDINATOR,CC3112,1000
EMP100120,2022-03-17,9999-12-31,MGMT,JR,PA03,ORG7171,"Designer, television/film set",SPECIALIST,CC3093,1000
EMP100121,2021-03-19,9999-12-31,MGMT,LEAD,PA03,ORG6928,Health visitor,MANAGER,CC6940,1000
EMP100122,2022-03-11,9999-12-31,TECH,SR,PA01,ORG6598,"Therapist, sports",COORDINATOR,CC4145,1000
EMP100123,2019-01-21,9999-12-31,SALES,SR,PA01,ORG2264,"Teacher, music",SPECIALIST,CC2657,1000
EMP100124,2021-12-21,9999-12-31,MGMT,JR,PA03,ORG3147,Technical brewer,COORDINATOR,CC3527,1000
EMP100125,2022-10-21,9999-12-31,SALES,SR,PA03,ORG3712,Gaffer,COORDINATOR,CC1715,1000
EMP100126,2022-12-03,9999-12-31,ADMIN,JR,PA03,ORG4891,"Designer, multimedia",COORDINATOR,CC5668,1000
EMP100127,2019-02-06,9999-12-31,ADMIN,SR,PA03,ORG4918,"Engineer, agricultural",SPECIALIST,CC8684,1000
EMP100128,2022-11-29,9999-12-31,SALES,JR,PA03,ORG8218,Magazine features editor,COORDINATOR,CC5616,1000
EMP100129,2019-12-02,9999-12-31,ADMIN,LEAD,PA01,ORG4271,Print production planner,ANALYST,CC5096,1000
EMP100130,2020-06-12,9999-12-31,MGMT,LEAD,PA02,ORG2680,Analytical chemist,MANAGER,CC5670,1000
EMP100131,2021-04-01,9999-12-31,MGMT,SR,PA02,ORG8361,Architectural technologist,ANALYST,CC8167,1000
EMP100132,2019-05-18,9999-12-31,MGMT,SR,PA02,ORG6727,Civil Service administrator,MANAGER,CC7797,1000
EMP100133,2021-03-06,9999-12-31,MGMT,LEAD,PA03,ORG7126,Press sub,ANALYST,CC7326,1000
EMP100134,2019-07-11,9999-12-31,MGMT,JR,PA01,ORG1461,"Programmer, applications",SPECIALIST,CC2623,1000
EMP100135,2021-01-12,9999-12-31,TECH,SR,PA01,ORG1627,Special educational needs teacher,SPECIALIST,CC8740,1000
EMP100136,2017-10-11,9999-12-31,SALES,LEAD,PA02,ORG1086,Professor Emeritus,MANAGER,CC1311,1000
EMP100137,2022-09-13,9999-12-31,TECH,SR,PA01,ORG9991,Nature conservation officer,COORDINATOR,CC2821,1000
EMP100138,2022-11-21,9999-12-31,TECH,SR,PA02,ORG2996,Accommodation manager,MANAGER,CC4906,1000
EMP100139,2019-08-30,9999-12-31,ADMIN,LEAD,PA01,ORG2816,"Scientist, research (medical)",COORDINATOR,CC9782,1000
EMP100140,2022-08-15,9999-12-31,MGMT,SR,PA03,ORG3352,Land/geomatics surveyor,SPECIALIST,CC8032,1000
EMP100141,2020-07-29,9999-12-31,MGMT,JR,PA01,ORG7825,Technical sales engineer,ANALYST,CC2402,1000
EMP100142,2019-03-20,9999-12-31,TECH,MGR,PA03,ORG9914,Nutritional therapist,MANAGER,CC7397,1000
EMP100143,2019-01-20,9999-12-31,ADMIN,MGR,PA03,ORG7338,Psychiatric nurse,SPECIALIST,CC5155,1000
EMP100144,2016-12-21,9999-12-31,MGMT,JR,PA01,ORG6649,Speech and language therapist,ANALYST,CC2698,1000
EMP100145,2021-01-01,9999-12-31,TECH,SR,PA01,ORG6772,"Psychotherapist, child",SPECIALIST,CC3868,1000
EMP100146,2016-05-31,9999-12-31,ADMIN,LEAD,PA03,ORG3986,Horticultural consultant,ANALYST,CC2033,1000
EMP100147,2022-07-04,9999-12-31,ADMIN,MGR,PA02,ORG4302,Airline pilot,MANAGER,CC4268,1000
EMP100148,2021-11-08,9999-12-31,MGMT,JR,PA02,ORG9444,"Engineer, civil (consulting)",COORDINATOR,CC9897,1000
EMP100149,2017-02-19,9999-12-31,ADMIN,JR,PA01,ORG4131,Chief Operating Officer,SPECIALIST,CC6848,1000
EMP100150,2021-12-13,9999-12-31,MGMT,JR,PA02,ORG3039,Homeopath,SPECIALIST,CC8159,1000
EMP100151,2018-09-11,9999-12-31,ADMIN,LEAD,PA02,ORG6554,Manufacturing engineer,ANALYST,CC9129,1000
EMP100152,2016-07-25,9999-12-31,ADMIN,JR,PA03,ORG5369,"Engineer, petroleum",MANAGER,CC7955,1000
EMP100153,2021-05-17,9999-12-31,MGMT,LEAD,PA03,ORG3956,Chief Technology Officer,SPECIALIST,CC6262,1000
EMP100154,2022-11-24,9999-12-31,MGMT,MGR,PA02,ORG5843,Primary school teacher,SPECIALIST,CC8305,1000
EMP100155,2018-08-21,9999-12-31,ADMIN,SR,PA03,ORG8272,Regulatory affairs officer,SPECIALIST,CC8325,1000
EMP100156,2020-06-27,9999-12-31,MGMT,JR,PA03,ORG8126,"Nurse, mental health",SPECIALIST,CC1939,1000
EMP100157,2017-02-06,9999-12-31,MGMT,LEAD,PA02,ORG9406,Furniture conservator/restorer,ANALYST,CC1510,1000
EMP100158,2020-01-12,9999-12-31,SALES,LEAD,PA01,ORG3068,Public house manager,MANAGER,CC4866,1000
EMP100159,2019-10-30,9999-12-31,TECH,JR,PA02,ORG1530,Audiological scientist,ANALYST,CC8371,1000
EMP100160,2016-01-12,9999-12-31,TECH,JR,PA02,ORG2259,Retail buyer,ANALYST,CC9674,1000
EMP100161,2022-07-20,9999-12-31,TECH,LEAD,PA02,ORG5566,"Development worker, international aid",ANALYST,CC2858,1000
EMP100162,2016-06-30,9999-12-31,MGMT,SR,PA02,ORG9482,Holiday representative,COORDINATOR,CC2929,1000
EMP100163,2017-08-31,9999-12-31,TECH,JR,PA03,ORG8311,Museum/gallery exhibitions officer,ANALYST,CC5678,1000
EMP100164,2018-04-28,9999-12-31,ADMIN,SR,PA01,ORG3223,Quarry manager,MANAGER,CC8406,1000
EMP100165,2021-04-25,9999-12-31,SALES,LEAD,PA01,ORG6236,"Teacher, primary school",SPECIALIST,CC2063,1000
EMP100166,2015-09-25,9999-12-31,TECH,JR,PA01,ORG3852,"Buyer, retail",SPECIALIST,CC9335,1000
EMP100167,2021-03-17,9999-12-31,SALES,MGR,PA01,ORG3275,Production engineer,ANALYST,CC9094,1000
EMP100168,2015-08-19,9999-12-31,MGMT,JR,PA03,ORG7044,Financial trader,COORDINATOR,CC3126,1000
EMP100169,2022-10-20,9999-12-31,MGMT,MGR,PA02,ORG7523,Information officer,COORDINATOR,CC9612,1000
EMP100170,2016-05-26,9999-12-31,ADMIN,LEAD,PA03,ORG2208,Retail manager,ANALYST,CC6194,1000
EMP100171,2021-09-30,9999-12-31,MGMT,LEAD,PA02,ORG9476,"Investment banker, operational",SPECIALIST,CC3102,1000
EMP100172,2021-12-08,9999-12-31,SALES,SR,PA02,ORG9238,Special effects artist,MANAGER,CC3034,1000
EMP100173,2022-10-06,9999-12-31,SALES,JR,PA01,ORG3653,Video editor,SPECIALIST,CC4694,1000
EMP100174,2018-05-09,9999-12-31,TECH,JR,PA01,ORG5105,Clinical embryologist,ANALYST,CC5496,1000
EMP100175,2017-07-19,9999-12-31,SALES,JR,PA03,ORG9740,Private music teacher,MANAGER,CC9234,1000
EMP100176,2022-03-23,9999-12-31,SALES,SR,PA01,ORG6531,"Teacher, music",MANAGER,CC1464,1000
EMP100177,2022-03-27,9999-12-31,MGMT,MGR,PA03,ORG5336,"Designer, multimedia",ANALYST,CC7825,1000
EMP100178,2016-02-25,9999-12-31,MGMT,LEAD,PA03,ORG9938,Counselling psychologist,SPECIALIST,CC5949,1000
EMP100179,2020-11-10,9999-12-31,ADMIN,SR,PA03,ORG7653,Licensed conveyancer,SPECIALIST,CC8430,1000
EMP100180,2019-07-26,9999-12-31,MGMT,MGR,PA01,ORG8202,"Teacher, adult education",COORDINATOR,CC8933,1000
EMP100181,2019-12-10,9999-12-31,ADMIN,SR,PA02,ORG3353,Charity fundraiser,SPECIALIST,CC6231,1000
EMP100182,2015-11-10,9999-12-31,TECH,LEAD,PA01,ORG7070,Human resources officer,MANAGER,CC6228,1000
EMP100183,2019-10-20,9999-12-31,SALES,LEAD,PA01,ORG5382,Magazine features editor,COORDINATOR,CC5061,1000
EMP100184,2018-12-01,9999-12-31,SALES,MGR,PA01,ORG5754,Data processing manager,COORDINATOR,CC7850,1000
EMP100185,2021-07-20,9999-12-31,SALES,SR,PA02,ORG6123,Secondary school teacher,ANALYST,CC3610,1000
EMP100186,2016-03-29,9999-12-31,ADMIN,LEAD,PA02,ORG6055,Counselling psychologist,COORDINATOR,CC1379,1000
EMP100187,2017-12-23,9999-12-31,MGMT,LEAD,PA03,ORG8491,Purchasing manager,ANALYST,CC4524,1000
EMP100188,2020-02-25,9999-12-31,TECH,MGR,PA01,ORG5609,Animator,COORDINATOR,CC8710,1000
EMP100189,2016-03-10,9999-12-31,TECH,MGR,PA01,ORG8060,Dance movement psychotherapist,ANALYST,CC5333,1000
EMP100190,2019-11-06,9999-12-31,TECH,LEAD,PA02,ORG1741,Insurance claims handler,COORDINATOR,CC1838,1000
EMP100191,2017-01-14,9999-12-31,SALES,JR,PA03,ORG5728,"Engineer, building services",MANAGER,CC7329,1000
EMP100192,2016-01-17,9999-12-31,ADMIN,JR,PA03,ORG2946,Water quality scientist,ANALYST,CC2584,1000
EMP100193,2020-09-01,9999-12-31,ADMIN,JR,PA02,ORG6990,Public relations officer,ANALYST,CC4261,1000
EMP100194,2019-03-26,9999-12-31,ADMIN,MGR,PA01,ORG1637,Multimedia specialist,ANALYST,CC6456,1000
EMP100195,2020-11-20,9999-12-31,ADMIN,LEAD,PA01,ORG9446,Graphic designer,ANALYST,CC6373,1000
EMP100196,2017-06-01,9999-12-31,TECH,SR,PA02,ORG5902,Human resources officer,SPECIALIST,CC9311,1000
EMP100197,2017-04-02,9999-12-31,ADMIN,JR,PA02,ORG1272,Investment analyst,SPECIALIST,CC6427,1000
EMP100198,2019-03-31,9999-12-31,MGMT,LEAD,PA03,ORG6040,Clinical biochemist,MANAGER,CC8775,1000
EMP100199,2017-01-06,9999-12-31,TECH,SR,PA03,ORG1841,Biomedical scientist,COORDINATOR,CC3793,1000
EMP100200,2018-04-23,9999-12-31,ADMIN,SR,PA03,ORG4968,Media planner,MANAGER,CC2800,1000
EMP100201,2019-11-02,9999-12-31,SALES,MGR,PA02,ORG6139,Optometrist,COORDINATOR,CC3481,1000
EMP100202,2017-08-07,9999-12-31,ADMIN,SR,PA02,ORG9221,Trade union research officer,COORDINATOR,CC2020,1000
EMP100203,2016-06-21,9999-12-31,SALES,SR,PA03,ORG6325,Retail banker,COORDINATOR,CC9609,1000
EMP100204,2021-03-25,9999-12-31,ADMIN,JR,PA01,ORG8531,Hydrologist,SPECIALIST,CC9950,1000
EMP100205,2022-04-19,9999-12-31,TECH,JR,PA03,ORG8932,Data processing manager,ANALYST,CC5038,1000
EMP100206,2021-01-20,9999-12-31,TECH,JR,PA01,ORG5876,Animal nutritionist,SPECIALIST,CC4396,1000
EMP100207,2020-06-19,9999-12-31,ADMIN,JR,PA02,ORG6714,"Psychologist, clinical",SPECIALIST,CC5715,1000
EMP100208,2020-05-27,9999-12-31,MGMT,LEAD,PA02,ORG6654,"Teacher, English as a foreign language",ANALYST,CC5758,1000
EMP100209,2019-09-13,9999-12-31,MGMT,JR,PA03,ORG2294,Colour technologist,SPECIALIST,CC8247,1000
EMP100210,2020-03-09,9999-12-31,TECH,LEAD,PA01,ORG4310,Comptroller,SPECIALIST,CC5450,1000
EMP100211,2022-08-30,9999-12-31,SALES,MGR,PA03,ORG4920,Art therapist,ANALYST,CC1831,1000
EMP100212,2022-08-21,9999-12-31,SALES,SR,PA01,ORG2641,"Therapist, art",COORDINATOR,CC6411,1000
EMP100213,2022-06-02,9999-12-31,ADMIN,MGR,PA03,ORG3252,Exercise physiologist,MANAGER,CC3587,1000
EMP100214,2019-12-21,9999-12-31,ADMIN,LEAD,PA02,ORG4267,Hospital pharmacist,SPECIALIST,CC6262,1000
EMP100215,2020-05-01,9999-12-31,TECH,MGR,PA01,ORG4804,Clinical biochemist,MANAGER,CC3868,1000
EMP100216,2020-07-16,9999-12-31,ADMIN,SR,PA01,ORG7504,Catering manager,COORDINATOR,CC4052,1000
EMP100217,2020-08-26,9999-12-31,TECH,MGR,PA01,ORG5888,Barrister's clerk,MANAGER,CC6489,1000
EMP100218,2018-11-11,9999-12-31,TECH,LEAD,PA03,ORG9901,"Engineer, manufacturing",COORDINATOR,CC3198,1000
EMP100219,2021-03-19,9999-12-31,ADMIN,JR,PA01,ORG2845,Publishing copy,SPECIALIST,CC3662,1000
EMP100220,2019-10-28,9999-12-31,ADMIN,JR,PA03,ORG4050,Contractor,MANAGER,CC6523,1000
EMP100221,2020-12-21,9999-12-31,TECH,SR,PA01,ORG7643,Dentist,COORDINATOR,CC9442,1000
EMP100222,2020-08-18,9999-12-31,TECH,MGR,PA02,ORG2562,"Psychologist, counselling",ANALYST,CC3303,1000
EMP100223,2022-10-03,9999-12-31,ADMIN,JR,PA01,ORG1111,Neurosurgeon,SPECIALIST,CC7284,1000
EMP100224,2018-10-22,9999-12-31,SALES,LEAD,PA02,ORG6400,Corporate investment banker,SPECIALIST,CC1187,1000
EMP100225,2022-10-25,9999-12-31,TECH,JR,PA03,ORG4871,Technical sales engineer,MANAGER,CC2936,1000
EMP100226,2021-10-25,9999-12-31,ADMIN,JR,PA01,ORG7642,Chartered public finance accountant,SPECIALIST,CC2923,1000
EMP100227,2020-02-22,9999-12-31,TECH,JR,PA03,ORG4618,Early years teacher,ANALYST,CC3188,1000
EMP100228,2020-09-01,9999-12-31,ADMIN,SR,PA02,ORG7121,Tour manager,COORDINATOR,CC9998,1000
EMP100229,2017-09-11,9999-12-31,ADMIN,SR,PA01,ORG2341,Dancer,COORDINATOR,CC9653,1000
EMP100230,2020-01-01,9999-12-31,TECH,MGR,PA03,ORG2838,"Research officer, political party",MANAGER,CC9972,1000
EMP100231,2018-07-09,9999-12-31,SALES,SR,PA01,ORG6375,"Development worker, community",COORDINATOR,CC2904,1000
EMP100232,2022-01-23,9999-12-31,SALES,LEAD,PA01,ORG9361,Armed forces operational officer,COORDINATOR,CC1911,1000
EMP100233,2018-05-11,9999-12-31,ADMIN,SR,PA03,ORG7806,Risk manager,COORDINATOR,CC1945,1000
EMP100234,2018-11-18,9999-12-31,ADMIN,JR,PA03,ORG1356,"Engineer, manufacturing systems",COORDINATOR,CC5169,1000
EMP100235,2020-11-22,9999-12-31,MGMT,SR,PA03,ORG2196,Web designer,MANAGER,CC7941,1000
EMP100236,2019-05-06,9999-12-31,TECH,MGR,PA03,ORG1987,Cartographer,MANAGER,CC8734,1000
EMP100237,2022-03-29,9999-12-31,MGMT,JR,PA02,ORG3948,Trade union research officer,ANALYST,CC7887,1000
EMP100238,2021-08-31,9999-12-31,TECH,LEAD,PA02,ORG7184,Manufacturing engineer,COORDINATOR,CC2314,1000
EMP100239,2018-08-17,9999-12-31,SALES,JR,PA01,ORG3924,Hydrogeologist,COORDINATOR,CC9664,1000
EMP100240,2019-12-12,9999-12-31,SALES,SR,PA01,ORG1372,"Teacher, music",SPECIALIST,CC8585,1000
EMP100241,2019-10-05,9999-12-31,ADMIN,LEAD,PA01,ORG5055,Forensic psychologist,COORDINATOR,CC6671,1000
EMP100242,2022-10-01,9999-12-31,SALES,JR,PA01,ORG2848,Holiday representative,MANAGER,CC7868,1000
EMP100243,2019-11-05,9999-12-31,MGMT,SR,PA01,ORG2102,Press sub,MANAGER,CC1550,1000
EMP100244,2021-04-03,9999-12-31,ADMIN,MGR,PA01,ORG1724,Homeopath,COORDINATOR,CC8191,1000
EMP100245,2017-04-08,9999-12-31,SALES,SR,PA01,ORG3295,Forest/woodland manager,SPECIALIST,CC4836,1000
EMP100246,2015-10-09,9999-12-31,TECH,JR,PA01,ORG5944,Lawyer,ANALYST,CC9540,1000
EMP100247,2020-03-06,9999-12-31,SALES,LEAD,PA02,ORG5508,Water quality scientist,MANAGER,CC3869,1000
EMP100248,2017-01-12,9999-12-31,ADMIN,LEAD,PA01,ORG6642,Insurance account manager,COORDINATOR,CC9592,1000
EMP100249,2019-06-13,9999-12-31,TECH,LEAD,PA02,ORG3444,Sales executive,SPECIALIST,CC7167,1000
EMP100250,2020-01-24,9999-12-31,SALES,LEAD,PA01,ORG4692,"Teacher, special educational needs",SPECIALIST,CC3365,1000
EMP100251,2021-07-29,9999-12-31,ADMIN,MGR,PA03,ORG7761,Audiological scientist,COORDINATOR,CC9683,1000
EMP100252,2016-09-25,9999-12-31,SALES,LEAD,PA01,ORG5177,"Engineer, electronics",ANALYST,CC6411,1000
EMP100253,2021-05-02,9999-12-31,MGMT,LEAD,PA02,ORG2514,"Merchandiser, retail",ANALYST,CC1844,1000
EMP100254,2017-02-09,9999-12-31,TECH,LEAD,PA03,ORG1647,Brewing technologist,MANAGER,CC4082,1000
EMP100255,2022-03-13,9999-12-31,SALES,LEAD,PA01,ORG6455,Film/video editor,SPECIALIST,CC1251,1000
EMP100256,2021-02-21,9999-12-31,SALES,SR,PA03,ORG2922,Chiropodist,COORDINATOR,CC4974,1000
EMP100257,2015-12-18,9999-12-31,SALES,LEAD,PA01,ORG6269,Retail buyer,SPECIALIST,CC7236,1000
EMP100258,2017-02-26,9999-12-31,ADMIN,JR,PA02,ORG5285,"Engineer, technical sales",SPECIALIST,CC9401,1000
EMP100259,2018-07-12,9999-12-31,ADMIN,LEAD,PA01,ORG8692,Leisure centre manager,SPECIALIST,CC4328,1000
EMP100260,2021-06-05,9999-12-31,TECH,JR,PA02,ORG1749,Multimedia specialist,ANALYST,CC3390,1000
EMP100261,2017-08-01,9999-12-31,MGMT,JR,PA03,ORG7841,Dramatherapist,SPECIALIST,CC3497,1000
EMP100262,2019-04-07,9999-12-31,SALES,JR,PA01,ORG7223,"Programmer, applications",ANALYST,CC9180,1000
EMP100263,2016-04-08,9999-12-31,TECH,JR,PA02,ORG9037,Seismic interpreter,COORDINATOR,CC3756,1000
EMP100264,2018-04-25,9999-12-31,TECH,SR,PA01,ORG9954,Pensions consultant,COORDINATOR,CC4015,1000
EMP100265,2020-11-11,9999-12-31,MGMT,MGR,PA01,ORG1794,Arts development officer,MANAGER,CC7756,1000
EMP100266,2016-10-08,9999-12-31,SALES,SR,PA01,ORG3474,Amenity horticulturist,MANAGER,CC4583,1000
EMP100267,2015-12-02,9999-12-31,ADMIN,JR,PA01,ORG8916,Pensions consultant,COORDINATOR,CC1257,1000
EMP100268,2019-12-02,9999-12-31,MGMT,LEAD,PA01,ORG1274,Management consultant,SPECIALIST,CC9777,1000
EMP100269,2016-06-20,9999-12-31,TECH,MGR,PA03,ORG8054,English as a foreign language teacher,ANALYST,CC2753,1000
EMP100270,2020-11-06,9999-12-31,MGMT,SR,PA01,ORG4144,Immunologist,SPECIALIST,CC6807,1000
EMP100271,2022-02-14,9999-12-31,TECH,LEAD,PA01,ORG7112,Animal nutritionist,COORDINATOR,CC8520,1000
EMP100272,2015-09-11,9999-12-31,SALES,SR,PA02,ORG2320,Housing manager/officer,MANAGER,CC2531,1000
EMP100273,2019-07-29,9999-12-31,ADMIN,LEAD,PA02,ORG8798,Quarry manager,MANAGER,CC1154,1000
EMP100274,2022-03-23,9999-12-31,SALES,MGR,PA02,ORG8109,"Nurse, adult",SPECIALIST,CC2562,1000
EMP100275,2017-04-22,9999-12-31,MGMT,SR,PA01,ORG8790,Land/geomatics surveyor,SPECIALIST,CC1762,1000
EMP100276,2022-04-15,9999-12-31,MGMT,JR,PA03,ORG1539,"Psychologist, clinical",ANALYST,CC6152,1000
EMP100277,2017-05-30,9999-12-31,MGMT,SR,PA03,ORG3362,Holiday representative,COORDINATOR,CC2260,1000
EMP100278,2019-05-13,9999-12-31,TECH,SR,PA03,ORG4939,"Therapist, music",COORDINATOR,CC9856,1000
EMP100279,2017-10-10,9999-12-31,TECH,LEAD,PA03,ORG3292,Art therapist,MANAGER,CC9204,1000
EMP100280,2019-04-10,9999-12-31,TECH,MGR,PA01,ORG8161,"Engineer, building services",ANALYST,CC2245,1000
EMP100281,2022-02-05,9999-12-31,TECH,LEAD,PA02,ORG1485,"Lecturer, further education",SPECIALIST,CC8381,1000
EMP100282,2019-11-18,9999-12-31,ADMIN,SR,PA02,ORG7150,"Engineer, electrical",COORDINATOR,CC4043,1000
EMP100283,2017-11-06,9999-12-31,ADMIN,MGR,PA03,ORG5839,Chartered legal executive (England and Wales),ANALYST,CC2204,1000
EMP100284,2019-07-15,9999-12-31,MGMT,JR,PA01,ORG7225,Advice worker,ANALYST,CC7383,1000
EMP100285,2016-11-14,9999-12-31,TECH,JR,PA01,ORG2499,"Engineer, civil (contracting)",MANAGER,CC6050,1000
EMP100286,2016-07-03,9999-12-31,ADMIN,JR,PA02,ORG2674,"Journalist, newspaper",ANALYST,CC2430,1000
EMP100287,2020-10-04,9999-12-31,SALES,LEAD,PA02,ORG9395,Air broker,COORDINATOR,CC2692,1000
EMP100288,2016-01-05,9999-12-31,MGMT,MGR,PA02,ORG2524,Exhibition designer,SPECIALIST,CC7311,1000
EMP100289,2020-04-03,9999-12-31,MGMT,JR,PA02,ORG7353,Pension scheme manager,MANAGER,CC4977,1000
EMP100290,2017-09-02,9999-12-31,SALES,LEAD,PA01,ORG3274,Associate Professor,SPECIALIST,CC5933,1000
EMP100291,2021-03-10,9999-12-31,TECH,LEAD,PA01,ORG2036,Multimedia programmer,ANALYST,CC8121,1000
EMP100292,2019-07-19,9999-12-31,TECH,LEAD,PA02,ORG8933,Housing manager/officer,MANAGER,CC6916,1000
EMP100293,2020-12-24,9999-12-31,TECH,SR,PA03,ORG9123,Garment/textile technologist,ANALYST,CC8501,1000
EMP100294,2019-04-19,9999-12-31,MGMT,SR,PA02,ORG1110,Tax inspector,COORDINATOR,CC6443,1000
EMP100295,2020-02-03,9999-12-31,ADMIN,JR,PA02,ORG6484,"Surveyor, hydrographic",COORDINATOR,CC3230,1000
EMP100296,2016-10-26,9999-12-31,TECH,JR,PA03,ORG4290,Equality and diversity officer,COORDINATOR,CC6147,1000
EMP100297,2020-03-10,9999-12-31,SALES,LEAD,PA02,ORG5775,Race relations officer,COORDINATOR,CC4971,1000
EMP100298,2017-01-11,9999-12-31,TECH,LEAD,PA02,ORG7437,"Surveyor, minerals",SPECIALIST,CC2865,1000
EMP100299,2018-01-18,9999-12-31,SALES,SR,PA03,ORG1440,"Therapist, horticultural",COORDINATOR,CC4434,1000
EMP100300,2020-01-24,9999-12-31,ADMIN,JR,PA03,ORG2133,Warden/ranger,COORDINATOR,CC9180,1000
EMP100301,2019-01-09,9999-12-31,SALES,JR,PA01,ORG5139,Colour technologist,ANALYST,CC7932,1000
EMP100302,2016-08-18,9999-12-31,ADMIN,MGR,PA02,ORG8851,Mudlogger,COORDINATOR,CC9755,1000
EMP100303,2020-02-15,9999-12-31,ADMIN,MGR,PA02,ORG9796,"Optician, dispensing",MANAGER,CC2791,1000
EMP100304,2020-07-08,9999-12-31,SALES,JR,PA01,ORG1725,"Teacher, primary school",COORDINATOR,CC6432,1000
EMP100305,2022-05-09,9999-12-31,ADMIN,MGR,PA01,ORG2615,Music tutor,SPECIALIST,CC4637,1000
EMP100306,2015-12-08,9999-12-31,SALES,LEAD,PA02,ORG7408,Holiday representative,COORDINATOR,CC9199,1000
EMP100307,2020-04-27,9999-12-31,SALES,JR,PA01,ORG8909,"Teacher, music",MANAGER,CC5840,1000
EMP100308,2018-01-12,9999-12-31,ADMIN,MGR,PA01,ORG3321,"Surveyor, land/geomatics",SPECIALIST,CC6110,1000
EMP100309,2019-07-17,9999-12-31,TECH,LEAD,PA01,ORG9537,Copy,COORDINATOR,CC6706,1000
EMP100310,2017-06-09,9999-12-31,ADMIN,MGR,PA02,ORG8412,Public librarian,SPECIALIST,CC2100,1000
EMP100311,2018-06-22,9999-12-31,TECH,MGR,PA03,ORG2885,Special effects artist,MANAGER,CC6620,1000
EMP100312,2018-10-13,9999-12-31,MGMT,SR,PA03,ORG4996,Records manager,ANALYST,CC3623,1000
EMP100313,2021-03-14,9999-12-31,TECH,LEAD,PA02,ORG4798,Manufacturing engineer,COORDINATOR,CC4022,1000
EMP100314,2021-08-01,9999-12-31,SALES,LEAD,PA02,ORG1478,"Designer, industrial/product",ANALYST,CC8365,1000
EMP100315,2018-07-01,9999-12-31,ADMIN,LEAD,PA01,ORG4519,Astronomer,ANALYST,CC5560,1000
EMP100316,2019-12-15,9999-12-31,MGMT,MGR,PA03,ORG4063,Art therapist,SPECIALIST,CC6340,1000
EMP100317,2018-10-19,9999-12-31,SALES,LEAD,PA01,ORG5298,Clinical cytogeneticist,COORDINATOR,CC9646,1000
EMP100318,2016-05-11,9999-12-31,TECH,LEAD,PA03,ORG7431,Analytical chemist,MANAGER,CC6700,1000
EMP100319,2015-12-09,9999-12-31,TECH,LEAD,PA03,ORG3826,Social researcher,SPECIALIST,CC2388,1000
EMP100320,2018-11-27,9999-12-31,SALES,JR,PA01,ORG4908,"Geologist, wellsite",SPECIALIST,CC2916,1000
EMP100321,2018-01-29,9999-12-31,SALES,JR,PA03,ORG3316,Engineering geologist,COORDINATOR,CC7852,1000
EMP100322,2021-11-13,9999-12-31,SALES,LEAD,PA02,ORG4043,Retail manager,COORDINATOR,CC9804,1000
EMP100323,2020-12-13,9999-12-31,SALES,SR,PA02,ORG5732,"Designer, multimedia",ANALYST,CC4065,1000
EMP100324,2018-12-29,9999-12-31,TECH,LEAD,PA03,ORG1878,Data scientist,SPECIALIST,CC1157,1000
EMP100325,2016-03-03,9999-12-31,ADMIN,SR,PA01,ORG7290,Make,COORDINATOR,CC7703,1000
EMP100326,2015-10-27,9999-12-31,ADMIN,LEAD,PA03,ORG8272,Furniture conservator/restorer,COORDINATOR,CC3740,1000
EMP100327,2020-03-30,9999-12-31,MGMT,MGR,PA01,ORG5785,Soil scientist,MANAGER,CC5503,1000
EMP100328,2022-11-12,9999-12-31,SALES,JR,PA01,ORG8492,"Engineer, automotive",COORDINATOR,CC9369,1000
EMP100329,2022-10-24,9999-12-31,MGMT,MGR,PA02,ORG9898,"Research officer, government",SPECIALIST,CC9880,1000
EMP100330,2016-11-20,9999-12-31,MGMT,LEAD,PA03,ORG4580,"Engineer, manufacturing systems",COORDINATOR,CC2677,1000
EMP100331,2020-03-31,9999-12-31,SALES,JR,PA01,ORG8368,Cabin crew,SPECIALIST,CC6711,1000
EMP100332,2016-04-27,9999-12-31,MGMT,LEAD,PA01,ORG4882,Landscape architect,ANALYST,CC6744,1000
EMP100333,2020-11-29,9999-12-31,ADMIN,SR,PA03,ORG3281,Production manager,ANALYST,CC4390,1000
EMP100334,2019-02-14,9999-12-31,MGMT,JR,PA03,ORG5605,Ceramics designer,ANALYST,CC6302,1000
EMP100335,2020-03-12,9999-12-31,TECH,JR,PA03,ORG5380,Animator,MANAGER,CC3221,1000
EMP100336,2017-12-15,9999-12-31,ADMIN,MGR,PA02,ORG3078,"Administrator, sports",ANALYST,CC5090,1000
EMP100337,2022-09-19,9999-12-31,SALES,JR,PA01,ORG7434,Chartered public finance accountant,COORDINATOR,CC3329,1000
EMP100338,2015-10-11,9999-12-31,TECH,LEAD,PA02,ORG8405,Health visitor,MANAGER,CC2525,1000
EMP100339,2018-10-29,9999-12-31,ADMIN,JR,PA03,ORG7046,Food technologist,COORDINATOR,CC8996,1000
EMP100340,2016-01-03,9999-12-31,TECH,MGR,PA03,ORG2526,Volunteer coordinator,COORDINATOR,CC6869,1000
EMP100341,2022-09-24,9999-12-31,MGMT,LEAD,PA01,ORG8039,Press sub,ANALYST,CC9105,1000
EMP100342,2022-10-01,9999-12-31,TECH,JR,PA02,ORG6533,"Restaurant manager, fast food",ANALYST,CC8951,1000
EMP100343,2020-06-29,9999-12-31,TECH,MGR,PA01,ORG2631,Bonds trader,COORDINATOR,CC1266,1000
EMP100344,2020-11-21,9999-12-31,MGMT,SR,PA02,ORG8479,Senior tax professional/tax inspector,MANAGER,CC8009,1000
EMP100345,2016-10-14,9999-12-31,SALES,SR,PA03,ORG5945,"Nurse, adult",ANALYST,CC5489,1000
EMP100346,2019-08-20,9999-12-31,MGMT,JR,PA02,ORG2350,Physiological scientist,SPECIALIST,CC3711,1000
EMP100347,2020-06-24,9999-12-31,MGMT,LEAD,PA03,ORG6005,"Producer, television/film/video",ANALYST,CC8032,1000
EMP100348,2021-07-01,9999-12-31,MGMT,MGR,PA01,ORG4496,Legal executive,COORDINATOR,CC2276,1000
EMP100349,2018-07-01,9999-12-31,SALES,SR,PA03,ORG8291,Chiropodist,MANAGER,CC1132,1000
EMP100350,2020-06-12,9999-12-31,TECH,MGR,PA02,ORG3165,Musician,COORDINATOR,CC2160,1000
EMP100351,2018-02-19,9999-12-31,SALES,LEAD,PA01,ORG2678,Learning mentor,MANAGER,CC6133,1000
EMP100352,2021-01-02,9999-12-31,TECH,JR,PA01,ORG7270,Archaeologist,ANALYST,CC3340,1000
EMP100353,2020-08-05,9999-12-31,MGMT,MGR,PA03,ORG3688,"Psychotherapist, child",COORDINATOR,CC6753,1000
EMP100354,2021-04-17,9999-12-31,SALES,SR,PA02,ORG8248,Oceanographer,ANALYST,CC2420,1000
EMP100355,2015-11-15,9999-12-31,MGMT,SR,PA01,ORG7291,Arts administrator,SPECIALIST,CC8035,1000
EMP100356,2021-02-26,9999-12-31,TECH,SR,PA01,ORG5537,"Producer, television/film/video",MANAGER,CC5065,1000
EMP100357,2016-05-07,9999-12-31,TECH,MGR,PA03,ORG5942,Land,ANALYST,CC9482,1000
EMP100358,2018-01-01,9999-12-31,SALES,LEAD,PA02,ORG1894,Herpetologist,ANALYST,CC9108,1000
EMP100359,2019-04-08,9999-12-31,ADMIN,MGR,PA01,ORG9185,Museum education officer,MANAGER,CC9655,1000
EMP100360,2016-04-20,9999-12-31,MGMT,JR,PA02,ORG3162,Risk manager,COORDINATOR,CC7895,1000
EMP100361,2017-09-03,9999-12-31,TECH,SR,PA02,ORG2195,"Engineer, civil (contracting)",MANAGER,CC2106,1000
EMP100362,2020-03-05,9999-12-31,MGMT,JR,PA01,ORG1652,"Secretary, company",MANAGER,CC7520,1000
EMP100363,2016-10-05,9999-12-31,TECH,LEAD,PA02,ORG7590,"Teacher, special educational needs",MANAGER,CC9791,1000
EMP100364,2020-07-23,9999-12-31,SALES,JR,PA01,ORG6077,Pharmacologist,MANAGER,CC9377,1000
EMP100365,2022-05-03,9999-12-31,SALES,SR,PA03,ORG6353,"Scientist, research (life sciences)",COORDINATOR,CC2083,1000
EMP100366,2015-12-31,9999-12-31,TECH,LEAD,PA03,ORG4909,Pension scheme manager,MANAGER,CC5005,1000
EMP100367,2021-09-09,9999-12-31,MGMT,LEAD,PA01,ORG8428,Operational researcher,MANAGER,CC6067,1000
EMP100368,2021-08-20,9999-12-31,SALES,MGR,PA01,ORG3248,Landscape architect,MANAGER,CC3684,1000
EMP100369,2017-05-15,9999-12-31,ADMIN,JR,PA03,ORG9474,Early years teacher,SPECIALIST,CC3735,1000
EMP100370,2018-02-18,9999-12-31,TECH,SR,PA03,ORG5403,Lobbyist,MANAGER,CC1480,1000
EMP100371,2019-03-25,9999-12-31,TECH,LEAD,PA02,ORG9582,Sports therapist,MANAGER,CC5308,1000
EMP100372,2020-03-26,9999-12-31,MGMT,LEAD,PA02,ORG9368,Chartered public finance accountant,SPECIALIST,CC1908,1000
EMP100373,2016-05-14,9999-12-31,ADMIN,SR,PA02,ORG3577,Equities trader,SPECIALIST,CC2685,1000
EMP100374,2018-09-19,9999-12-31,MGMT,SR,PA03,ORG9336,Toxicologist,MANAGER,CC1721,1000
EMP100375,2015-10-17,9999-12-31,MGMT,SR,PA01,ORG8729,Agricultural consultant,SPECIALIST,CC7274,1000
EMP100376,2016-03-12,9999-12-31,SALES,SR,PA01,ORG7870,Chief Financial Officer,ANALYST,CC6272,1000
EMP100377,2021-05-16,9999-12-31,SALES,LEAD,PA03,ORG6241,Neurosurgeon,SPECIALIST,CC2276,1000
EMP100378,2018-09-15,9999-12-31,TECH,MGR,PA03,ORG1862,Food technologist,ANALYST,CC4656,1000
EMP100379,2018-09-26,9999-12-31,MGMT,LEAD,PA01,ORG8620,"Radiographer, diagnostic",SPECIALIST,CC6090,1000
EMP100380,2022-11-04,9999-12-31,TECH,MGR,PA03,ORG8483,Sports coach,MANAGER,CC7044,1000
EMP100381,2018-08-19,9999-12-31,SALES,JR,PA03,ORG5979,Passenger transport manager,ANALYST,CC8600,1000
EMP100382,2021-09-30,9999-12-31,TECH,LEAD,PA01,ORG9954,"Teacher, special educational needs",ANALYST,CC3466,1000
EMP100383,2021-10-15,9999-12-31,MGMT,LEAD,PA01,ORG4817,Retail merchandiser,SPECIALIST,CC1157,1000
EMP100384,2021-11-23,9999-12-31,TECH,MGR,PA03,ORG7164,Software engineer,SPECIALIST,CC2703,1000
EMP100385,2018-09-23,9999-12-31,SALES,SR,PA02,ORG9061,Counselling psychologist,MANAGER,CC3332,1000
EMP100386,2021-02-09,9999-12-31,TECH,MGR,PA01,ORG4792,"Physicist, medical",COORDINATOR,CC7102,1000
EMP100387,2017-05-26,9999-12-31,ADMIN,MGR,PA03,ORG2565,"Engineer, mining",ANALYST,CC7461,1000
EMP100388,2016-01-13,9999-12-31,MGMT,MGR,PA02,ORG3141,Veterinary surgeon,ANALYST,CC5778,1000
EMP100389,2020-05-02,9999-12-31,TECH,JR,PA02,ORG6345,Clinical psychologist,SPECIALIST,CC8417,1000
EMP100390,2018-04-27,9999-12-31,TECH,SR,PA01,ORG4321,Quantity surveyor,ANALYST,CC2785,1000
EMP100391,2017-08-10,9999-12-31,SALES,MGR,PA01,ORG8365,"Therapist, occupational",COORDINATOR,CC6145,1000
EMP100392,2022-08-23,9999-12-31,ADMIN,MGR,PA03,ORG6870,Probation officer,ANALYST,CC8404,1000
EMP100393,2022-05-07,9999-12-31,TECH,LEAD,PA02,ORG2964,Secondary school teacher,MANAGER,CC3582,1000
EMP100394,2019-12-23,9999-12-31,TECH,MGR,PA01,ORG6370,Glass blower/designer,ANALYST,CC2494,1000
EMP100395,2021-06-10,9999-12-31,SALES,JR,PA02,ORG9412,Magazine features editor,MANAGER,CC5896,1000
EMP100396,2022-10-05,9999-12-31,TECH,SR,PA01,ORG7625,Forest/woodland manager,COORDINATOR,CC5093,1000
EMP100397,2015-09-15,9999-12-31,MGMT,LEAD,PA01,ORG3290,"Pharmacist, community",MANAGER,CC1195,1000
EMP100398,2017-02-05,9999-12-31,MGMT,SR,PA01,ORG4246,Customer service manager,COORDINATOR,CC7098,1000
EMP100399,2018-11-12,9999-12-31,MGMT,JR,PA01,ORG1357,"Engineer, manufacturing",MANAGER,CC4239,1000
EMP100400,2022-12-23,9999-12-31,ADMIN,SR,PA01,ORG6432,Environmental health practitioner,MANAGER,CC1699,1000
EMP100401,2016-01-25,9999-12-31,ADMIN,MGR,PA01,ORG8096,"Buyer, retail",COORDINATOR,CC9128,1000
EMP100402,2016-08-12,9999-12-31,MGMT,LEAD,PA03,ORG7990,Holiday representative,ANALYST,CC6799,1000
EMP100403,2017-11-22,9999-12-31,SALES,SR,PA02,ORG5585,Chief Strategy Officer,COORDINATOR,CC3435,1000
EMP100404,2015-11-19,9999-12-31,MGMT,SR,PA03,ORG5835,Field trials officer,COORDINATOR,CC7750,1000
EMP100405,2016-06-18,9999-12-31,ADMIN,MGR,PA01,ORG5583,Primary school teacher,COORDINATOR,CC3248,1000
EMP100406,2019-04-28,9999-12-31,ADMIN,SR,PA03,ORG9614,Manufacturing systems engineer,ANALYST,CC9907,1000
EMP100407,2018-11-14,9999-12-31,MGMT,LEAD,PA03,ORG6883,Comptroller,COORDINATOR,CC9921,1000
EMP100408,2017-11-30,9999-12-31,ADMIN,JR,PA03,ORG9231,Financial manager,SPECIALIST,CC7363,1000
EMP100409,2021-02-18,9999-12-31,TECH,SR,PA01,ORG6224,Podiatrist,ANALYST,CC1480,1000
EMP100410,2018-12-31,9999-12-31,TECH,MGR,PA02,ORG9674,Associate Professor,SPECIALIST,CC4813,1000
EMP100411,2021-04-30,9999-12-31,SALES,MGR,PA01,ORG4951,Orthoptist,SPECIALIST,CC9743,1000
EMP100412,2017-06-24,9999-12-31,MGMT,SR,PA03,ORG7363,Insurance risk surveyor,SPECIALIST,CC3846,1000
EMP100413,2022-09-26,9999-12-31,SALES,SR,PA03,ORG6210,Systems analyst,SPECIALIST,CC1462,1000
EMP100414,2020-10-25,9999-12-31,TECH,SR,PA03,ORG4084,"Accountant, chartered",COORDINATOR,CC9882,1000
EMP100415,2019-03-27,9999-12-31,TECH,SR,PA02,ORG1621,Clinical biochemist,MANAGER,CC1920,1000
EMP100416,2022-08-23,9999-12-31,SALES,SR,PA01,ORG9625,Chartered public finance accountant,COORDINATOR,CC1011,1000
EMP100417,2017-10-03,9999-12-31,TECH,SR,PA01,ORG6582,Illustrator,ANALYST,CC6301,1000
EMP100418,2021-12-06,9999-12-31,MGMT,MGR,PA01,ORG3320,Location manager,MANAGER,CC9622,1000
EMP100419,2015-12-24,9999-12-31,TECH,MGR,PA02,ORG7481,Horticultural consultant,MANAGER,CC6514,1000
EMP100420,2018-12-13,9999-12-31,TECH,JR,PA01,ORG3580,Child psychotherapist,COORDINATOR,CC8982,1000
EMP100421,2019-11-13,9999-12-31,TECH,SR,PA03,ORG6846,"Geologist, engineering",ANALYST,CC3872,1000
EMP100422,2022-12-06,9999-12-31,ADMIN,JR,PA03,ORG5825,"Psychologist, occupational",ANALYST,CC3911,1000
EMP100423,2021-01-19,9999-12-31,MGMT,LEAD,PA03,ORG1530,Armed forces technical officer,ANALYST,CC6213,1000
EMP100424,2019-07-18,9999-12-31,SALES,MGR,PA02,ORG3304,Product manager,SPECIALIST,CC2274,1000
EMP100425,2021-07-30,9999-12-31,SALES,JR,PA02,ORG3750,"Engineer, water",MANAGER,CC6500,1000
EMP100426,2021-12-29,9999-12-31,ADMIN,MGR,PA02,ORG4435,Set designer,ANALYST,CC2110,1000
EMP100427,2017-02-09,9999-12-31,TECH,JR,PA01,ORG1020,Lexicographer,MANAGER,CC7323,1000
EMP100428,2020-09-12,9999-12-31,ADMIN,LEAD,PA01,ORG7783,Printmaker,COORDINATOR,CC7204,1000
EMP100429,2021-06-09,9999-12-31,TECH,LEAD,PA01,ORG8855,"Engineer, energy",ANALYST,CC3664,1000
EMP100430,2021-05-05,9999-12-31,ADMIN,MGR,PA01,ORG5831,"Engineer, broadcasting (operations)",MANAGER,CC6221,1000
EMP100431,2016-10-07,9999-12-31,TECH,MGR,PA01,ORG6600,Probation officer,ANALYST,CC7151,1000
EMP100432,2019-09-01,9999-12-31,SALES,MGR,PA03,ORG2525,Ceramics designer,SPECIALIST,CC8909,1000
EMP100433,2017-02-15,9999-12-31,MGMT,LEAD,PA03,ORG3703,Colour technologist,COORDINATOR,CC3573,1000
EMP100434,2022-09-10,9999-12-31,MGMT,MGR,PA02,ORG4367,"Nurse, children's",ANALYST,CC7705,1000
EMP100435,2018-08-25,9999-12-31,TECH,JR,PA02,ORG4891,Television/film/video producer,MANAGER,CC1813,1000
EMP100436,2022-04-07,9999-12-31,ADMIN,LEAD,PA01,ORG1893,Barrister,SPECIALIST,CC1062,1000
EMP100437,2018-10-31,9999-12-31,ADMIN,MGR,PA02,ORG8869,"Engineer, chemical",ANALYST,CC2589,1000
EMP100438,2022-08-07,9999-12-31,MGMT,SR,PA01,ORG5781,Chief Financial Officer,MANAGER,CC8758,1000
EMP100439,2021-08-12,9999-12-31,MGMT,JR,PA02,ORG8715,Interpreter,COORDINATOR,CC5341,1000
EMP100440,2021-09-07,9999-12-31,MGMT,LEAD,PA01,ORG7078,International aid/development worker,COORDINATOR,CC7052,1000
EMP100441,2018-02-21,9999-12-31,SALES,LEAD,PA01,ORG5313,Control and instrumentation engineer,COORDINATOR,CC8619,1000
EMP100442,2022-10-08,9999-12-31,TECH,SR,PA02,ORG2009,Paramedic,ANALYST,CC2584,1000
EMP100443,2017-08-05,9999-12-31,MGMT,JR,PA03,ORG7782,Land/geomatics surveyor,ANALYST,CC1999,1000
EMP100444,2021-01-22,9999-12-31,ADMIN,LEAD,PA03,ORG8779,"Engineer, land",ANALYST,CC8803,1000
EMP100445,2020-12-13,9999-12-31,TECH,MGR,PA02,ORG1568,Immigration officer,ANALYST,CC2970,1000
EMP100446,2017-01-10,9999-12-31,ADMIN,SR,PA01,ORG4471,Building services engineer,ANALYST,CC3067,1000
EMP100447,2016-03-29,9999-12-31,MGMT,LEAD,PA01,ORG8133,Chief Financial Officer,ANALYST,CC3422,1000
EMP100448,2021-10-05,9999-12-31,TECH,JR,PA03,ORG2097,Mudlogger,MANAGER,CC7358,1000
EMP100449,2017-07-19,9999-12-31,ADMIN,JR,PA02,ORG9514,"Conservation officer, nature",COORDINATOR,CC1202,1000
EMP100450,2022-02-20,9999-12-31,ADMIN,MGR,PA02,ORG3451,Community development worker,ANALYST,CC2641,1000
EMP100451,2021-07-24,9999-12-31,MGMT,MGR,PA02,ORG9775,Artist,SPECIALIST,CC7732,1000
EMP100452,2021-08-30,9999-12-31,TECH,LEAD,PA03,ORG8955,"Horticulturist, amenity",COORDINATOR,CC1613,1000
EMP100453,2016-11-19,9999-12-31,SALES,JR,PA02,ORG3356,Chief of Staff,COORDINATOR,CC1635,1000
EMP100454,2017-04-06,9999-12-31,ADMIN,JR,PA03,ORG4892,Archaeologist,MANAGER,CC8785,1000
EMP100455,2017-10-14,9999-12-31,TECH,JR,PA01,ORG6535,Osteopath,SPECIALIST,CC6094,1000
EMP100456,2015-08-05,9999-12-31,TECH,LEAD,PA03,ORG2609,"Sound technician, broadcasting/film/video",ANALYST,CC3201,1000
EMP100457,2017-03-01,9999-12-31,TECH,LEAD,PA02,ORG5414,Counsellor,COORDINATOR,CC2462,1000
EMP100458,2020-12-08,9999-12-31,SALES,LEAD,PA01,ORG7671,"Designer, jewellery",COORDINATOR,CC9462,1000
EMP100459,2022-12-01,9999-12-31,TECH,MGR,PA03,ORG3604,"Therapist, nutritional",MANAGER,CC6097,1000
EMP100460,2018-10-09,9999-12-31,ADMIN,SR,PA03,ORG1474,Higher education lecturer,ANALYST,CC4158,1000
EMP100461,2015-09-06,9999-12-31,SALES,MGR,PA01,ORG1541,Regulatory affairs officer,COORDINATOR,CC1828,1000
EMP100462,2021-11-12,9999-12-31,TECH,SR,PA02,ORG7035,Sports coach,COORDINATOR,CC9275,1000
EMP100463,2016-03-24,9999-12-31,ADMIN,MGR,PA03,ORG1500,Physiological scientist,ANALYST,CC7102,1000
EMP100464,2018-10-21,9999-12-31,ADMIN,LEAD,PA01,ORG8775,Operational investment banker,SPECIALIST,CC6640,1000
EMP100465,2022-01-15,9999-12-31,SALES,JR,PA03,ORG2480,"Solicitor, Scotland",SPECIALIST,CC1449,1000
EMP100466,2020-01-24,9999-12-31,ADMIN,MGR,PA01,ORG4511,Health visitor,ANALYST,CC4688,1000
EMP100467,2018-11-08,9999-12-31,SALES,JR,PA03,ORG7709,Horticultural therapist,MANAGER,CC1145,1000
EMP100468,2018-06-28,9999-12-31,ADMIN,SR,PA03,ORG3837,"Administrator, arts",MANAGER,CC4666,1000
EMP100469,2022-09-06,9999-12-31,TECH,JR,PA03,ORG5511,Medical secretary,COORDINATOR,CC7168,1000
EMP100470,2020-07-22,9999-12-31,TECH,LEAD,PA02,ORG4575,Broadcast journalist,COORDINATOR,CC5950,1000
EMP100471,2020-11-03,9999-12-31,ADMIN,MGR,PA01,ORG9380,Radio producer,SPECIALIST,CC5631,1000
EMP100472,2015-09-25,9999-12-31,TECH,MGR,PA02,ORG2045,Advertising art director,SPECIALIST,CC5529,1000
EMP100473,2021-04-21,9999-12-31,TECH,JR,PA02,ORG5895,Database administrator,ANALYST,CC3456,1000
EMP100474,2021-02-06,9999-12-31,SALES,MGR,PA03,ORG7620,Optometrist,SPECIALIST,CC3292,1000
EMP100475,2017-06-10,9999-12-31,MGMT,LEAD,PA02,ORG5250,Arts administrator,COORDINATOR,CC7628,1000
EMP100476,2015-08-09,9999-12-31,ADMIN,MGR,PA03,ORG4111,"Accountant, chartered public finance",SPECIALIST,CC4643,1000
EMP100477,2022-08-04,9999-12-31,ADMIN,JR,PA03,ORG5918,General practice doctor,ANALYST,CC3967,1000
EMP100478,2020-06-17,9999-12-31,TECH,MGR,PA02,ORG3096,"Optician, dispensing",SPECIALIST,CC3999,1000
EMP100479,2021-07-01,9999-12-31,TECH,MGR,PA01,ORG6820,"Pharmacist, hospital",ANALYST,CC6031,1000
EMP100480,2022-11-01,9999-12-31,ADMIN,JR,PA02,ORG5269,Insurance claims handler,SPECIALIST,CC8598,1000
EMP100481,2020-11-06,9999-12-31,MGMT,LEAD,PA01,ORG2166,Illustrator,COORDINATOR,CC4187,1000
EMP100482,2019-07-13,9999-12-31,MGMT,LEAD,PA03,ORG5888,Risk manager,COORDINATOR,CC1885,1000
EMP100483,2021-04-14,9999-12-31,SALES,SR,PA01,ORG6614,Barista,COORDINATOR,CC8496,1000
EMP100484,2016-05-13,9999-12-31,SALES,JR,PA03,ORG3954,"Research officer, government",MANAGER,CC8988,1000
EMP100485,2021-05-18,9999-12-31,TECH,SR,PA02,ORG1950,Editorial assistant,MANAGER,CC8406,1000
EMP100486,2021-10-24,9999-12-31,TECH,SR,PA01,ORG3595,Field trials officer,COORDINATOR,CC2442,1000
EMP100487,2017-08-15,9999-12-31,SALES,LEAD,PA03,ORG8035,Industrial/product designer,COORDINATOR,CC8029,1000
EMP100488,2020-02-17,9999-12-31,ADMIN,LEAD,PA01,ORG1618,Retail merchandiser,ANALYST,CC7112,1000
EMP100489,2022-10-15,9999-12-31,MGMT,JR,PA03,ORG4122,Product manager,MANAGER,CC1067,1000
EMP100490,2016-09-06,9999-12-31,SALES,SR,PA03,ORG6641,Manufacturing systems engineer,SPECIALIST,CC3112,1000
EMP100491,2017-05-03,9999-12-31,MGMT,LEAD,PA03,ORG6015,Probation officer,ANALYST,CC2069,1000
EMP100492,2021-06-20,9999-12-31,MGMT,JR,PA02,ORG8469,Forensic scientist,SPECIALIST,CC8105,1000
EMP100493,2017-02-13,9999-12-31,SALES,JR,PA02,ORG6885,"Engineer, petroleum",ANALYST,CC3701,1000
EMP100494,2016-06-09,9999-12-31,ADMIN,MGR,PA01,ORG4675,Academic librarian,ANALYST,CC4460,1000
EMP100495,2017-02-15,9999-12-31,MGMT,SR,PA01,ORG7006,"Civil engineer, consulting",MANAGER,CC7147,1000
EMP100496,2016-09-02,9999-12-31,TECH,MGR,PA03,ORG1785,Quantity surveyor,MANAGER,CC1323,1000
EMP100497,2016-09-26,9999-12-31,MGMT,MGR,PA02,ORG8279,Information officer,COORDINATOR,CC3024,1000
EMP100498,2022-04-16,9999-12-31,TECH,LEAD,PA03,ORG3508,"Geneticist, molecular",ANALYST,CC1152,1000
EMP100499,2016-11-09,9999-12-31,TECH,LEAD,PA03,ORG2654,"Biochemist, clinical",SPECIALIST,CC3247,1000
